"","p_val","avg_log2FC","pct.1","pct.2","p_val_adj"
"Cstb",1.21558673425565e-182,1.3825054992286,0.986,0.902,2.03525686916423e-178
"Txn1",4.88256521290631e-175,1.313381324622,0.981,0.883,8.17487893596904e-171
"Tmem176b",9.69713489886961e-157,-1.93380448240619,0.356,0.834,1.62359129611774e-152
"Pkm",3.08501556370909e-155,1.18735149676516,0.956,0.853,5.16524155831813e-151
"Cst3",9.32330161769415e-149,-1.22124005131937,0.986,0.998,1.56100038985053e-144
"Lgals3",2.4964982453378e-141,1.72389408816673,0.983,0.877,4.17988701216907e-137
"Selenop",1.91249165082335e-138,-1.77673435513747,0.738,0.953,3.20208477097354e-134
"Tmem176a",1.05244329826372e-133,-1.79191504732523,0.321,0.781,1.76210581428294e-129
"Rgs10",1.41175359001694e-131,-1.06404315695976,0.694,0.927,2.36369903576537e-127
"Acod1",1.4681018427678e-126,1.40636292724081,0.584,0.14,2.45804291534613e-122
"Msr1",1.48369930246747e-124,1.34141607945877,0.831,0.506,2.48415774212128e-120
"Rps4x",1.01524656377497e-121,-0.735873543157639,0.975,0.994,1.69982732172843e-117
"Rpl21",5.85538102337102e-121,-0.799219927589301,0.945,0.985,9.8036644474301e-117
"S100a6",1.04331192809442e-118,1.81832732079778,0.909,0.668,1.74681716120849e-114
"Rpl18a",2.08868058960932e-114,-0.690275358611801,0.976,0.997,3.49707791118288e-110
"Psme2",8.93219141266957e-109,0.95656564474279,0.919,0.804,1.49551680822327e-104
"Pgk1",9.77753132700538e-109,1.12921091808192,0.856,0.565,1.63705207008051e-104
"Clec4d",1.13900829651892e-105,1.22075934722424,0.638,0.239,1.90704159086163e-101
"Rps11",4.10598349540999e-105,-0.664470608453823,0.974,0.995,6.87464816636494e-101
"Trf",4.43277744844825e-104,-1.50619194552574,0.342,0.729,7.4217992819369e-100
"Spp1",1.84762722811898e-103,3.68483433017843,0.703,0.349,3.09348226803961e-99
"Fau",4.60508817363756e-103,-0.592675175796753,0.994,1,7.71029912912136e-99
"Pdpn",1.15684430252694e-102,1.45281553461546,0.434,0.078,1.93690441572086e-98
"Nampt",3.19953545064398e-101,1.03446179642977,0.9,0.676,5.35698220501322e-97
"Cd81",1.04108788818279e-100,-1.89446073107074,0.181,0.603,1.74309345118444e-96
"Zbp1",1.77397792261721e-100,1.08490336937627,0.793,0.482,2.970171235838e-96
"C1qb",2.57790750855024e-100,-0.884592406758038,0.92,0.988,4.31619054156567e-96
"Pgam1",4.59971968606454e-100,0.948175033724057,0.883,0.688,7.70131067037785e-96
"Rpl32",2.56677186587899e-98,-0.667377128765811,0.977,0.992,4.29754613504119e-94
"Tspo",3.76637978494775e-98,0.848437418863812,0.961,0.92,6.30604967393802e-94
"Rpl39",1.16184871696888e-97,-0.589175964487431,0.976,0.995,1.94528330682099e-93
"Rps5",5.22290075575428e-97,-0.650663497207205,0.966,0.991,8.74470273535939e-93
"Cd74",4.43740250620581e-96,-1.31706117914552,0.991,0.992,7.42954301614039e-92
"Isg15",1.38260859644097e-95,1.59487018632143,0.801,0.5,2.31490157302111e-91
"H2-Eb1",4.93065488768952e-95,-1.52028905048264,0.911,0.961,8.25539547845857e-91
"AA467197",6.83380775817093e-95,1.81699815494885,0.659,0.282,1.14418443295056e-90
"Adam8",1.46152765972375e-94,1.15874544056907,0.661,0.289,2.44703576067548e-90
"Capg",2.46009813440692e-94,1.05137557882864,0.885,0.688,4.1189423064375e-90
"Serinc3",8.05905961547229e-94,-0.914930451788964,0.909,0.984,1.34932835141853e-89
"Il1rn",2.29827433711059e-93,1.30992612508785,0.864,0.557,3.84800072262425e-89
"Rps29",3.75288629827776e-93,-0.444439634529342,0.995,0.999,6.28345752920645e-89
"Itm2b",8.04885082746543e-93,-0.713572103305951,0.992,1,1.34761909404254e-88
"Rps27",1.14412078587335e-91,-0.654892630473906,0.962,0.984,1.91560143178776e-87
"Tapbp",3.66458706544715e-91,0.772776215276267,0.96,0.887,6.13561812367817e-87
"Rps24",1.06763147745314e-89,-0.479909014932852,0.997,0.999,1.7875353826998e-85
"Sod2",8.49453902958963e-89,1.14030901167383,0.825,0.605,1.42224066972419e-84
"Ly6c2",1.10584768392207e-88,1.78724294524464,0.695,0.343,1.85152077719072e-84
"Arg1",1.20795572849477e-88,2.55712840446161,0.456,0.118,2.02248027621879e-84
"Anxa4",5.29929373058143e-88,0.939575700676026,0.815,0.542,8.87260749311248e-84
"Rps18",7.650036281001e-88,-0.72833270877984,0.923,0.975,1.280845574528e-83
"H2-Aa",6.90087593187654e-87,-1.13593223765613,0.925,0.965,1.15541365727409e-82
"Rpl10",9.12846590810982e-87,-0.699906848079751,0.926,0.974,1.52837904699483e-82
"Mif",5.48120543299041e-86,1.01452022761179,0.878,0.7,9.17718225645584e-82
"Rplp1",6.2416234540808e-86,-0.434894387223158,0.997,0.999,1.04503501491675e-81
"Ifi205",3.19815794520679e-85,0.880061889204257,0.465,0.119,5.35467584765972e-81
"Rpl36",4.06844182636637e-85,-0.580515986267599,0.951,0.979,6.81179214988521e-81
"Cx3cr1",1.11837488382405e-84,-1.08499657029623,0.317,0.71,1.87249506798662e-80
"Anxa2",2.44294994438974e-84,1.38470852581764,0.835,0.618,4.09023109189174e-80
"Rps14",5.70924146281663e-84,-0.464752559891343,0.993,0.999,9.55898298119388e-80
"F10",6.06752286933175e-84,1.09107272849804,0.315,0.035,1.01588535401221e-79
"Rpl13",7.63284795979297e-84,-0.550785711045374,0.991,0.998,1.27796773390814e-79
"Apoe",1.02864476475402e-83,-1.32321051227105,0.99,0.989,1.72225992962765e-79
"Hif1a",2.25264439997292e-83,0.972682622157572,0.87,0.614,3.77160251887465e-79
"Rpl26",3.89987323491435e-83,-0.533544220734791,0.974,0.993,6.5295577572171e-79
"Ly6a",4.45397154269383e-83,1.15441841272841,0.901,0.66,7.45728455393227e-79
"Rpl10a",7.17365153831816e-83,-0.648537496455711,0.948,0.985,1.20108447706061e-78
"Rpl27a",1.63500508032774e-82,-0.49724465270751,0.993,0.997,2.73748900599273e-78
"Cox7a2l",4.49748665317505e-82,-0.750640039275895,0.7,0.905,7.53014190341099e-78
"Ighm",5.26412628126237e-82,-0.870788750345328,0.156,0.554,8.81372663271759e-78
"B2m",1.05434239773365e-81,0.518333313676081,1,1,1.76528547652546e-77
"Calm1",1.84456336813075e-80,0.589363699646419,0.998,0.99,3.08835244726131e-76
"Rpl9",6.30711110318176e-79,-0.564339925846663,0.945,0.99,1.05599961200572e-74
"Pnp",1.0376257232331e-78,0.847768879541015,0.893,0.748,1.73729674840918e-74
"Fcgrt",1.29328133413731e-78,-0.921469605889792,0.19,0.569,2.1653409377461e-74
"Fn1",1.65899077728577e-78,2.250872058776,0.531,0.2,2.77764825840956e-74
"Rpl12",6.31578409196586e-78,-0.574044456111964,0.949,0.988,1.05745173051784e-73
"H2-Ab1",7.68575593596574e-77,-1.11113925820391,0.945,0.977,1.28682611635874e-72
"Samhd1",7.33052039942715e-76,0.783830352116886,0.949,0.86,1.22734903047609e-71
"Rpl23",1.64327267183766e-74,-0.461718369053108,0.991,0.998,2.7513314344578e-70
"C1qc",1.82518548665894e-74,-0.720411473996406,0.894,0.981,3.05590806031306e-70
"Aldoa",2.67112008377884e-74,0.834417157544959,0.911,0.831,4.47225635627091e-70
"Rpl17",4.91152261601975e-73,-0.492658188622533,0.982,0.991,8.22336231600187e-69
"Rpl28",2.89122177867286e-72,-0.543282800869402,0.975,0.99,4.84077262403196e-68
"Rsad2",5.37247831121296e-72,1.37187746590175,0.544,0.211,8.99514043646385e-68
"Ctsz",1.43615212445704e-71,0.526210676891467,0.994,0.991,2.40454950197843e-67
"Tmsb10",2.26555288384796e-71,0.919208639540853,0.946,0.857,3.79321519342664e-67
"Ifngr1",5.31338082522028e-71,-0.706505316567945,0.681,0.883,8.89619351566631e-67
"Sem1",2.12485871387541e-70,0.506872272863218,0.985,0.967,3.5576509446416e-66
"Psmb4",3.63054186978114e-70,0.670235664070724,0.907,0.811,6.07861625257456e-66
"Rps7",1.18238110016873e-69,-0.523578021412206,0.969,0.993,1.9796606760125e-65
"Tm6sf1",2.0648043213881e-69,-0.728433800669701,0.73,0.901,3.4571018753001e-65
"Ly86",3.21549753255142e-69,-0.621206392610464,0.838,0.97,5.38370751875084e-65
"Mmp14",5.02899772548078e-69,0.765411859714435,0.874,0.639,8.42005089177247e-65
"Prdx1",5.12027960657645e-69,0.841876430855029,0.983,0.962,8.57288414529095e-65
"Gbp2",1.44594006058913e-68,1.19550959037554,0.74,0.455,2.42093744344438e-64
"Rps20",2.85827757891748e-68,-0.503468320156897,0.991,0.997,4.78561415038154e-64
"Prdx5",3.66553409371426e-68,0.968362667741996,0.931,0.916,6.13720373310578e-64
"Ctsb",6.73681218205709e-68,0.758736627944612,1,0.999,1.12794446364182e-63
"Bst1",1.21649416335704e-67,0.832730587098829,0.622,0.314,2.03677617770869e-63
"Csf1r",2.55068066559229e-67,-0.676714637088578,0.89,0.969,4.27060463840118e-63
"Pltp",2.90951478996508e-67,-0.893460055945678,0.63,0.877,4.87140061283853e-63
"Rps3",3.7434147595092e-67,-0.527961930126699,0.957,0.987,6.26759933184625e-63
"Rps21",4.16627796378951e-67,-0.414850012429282,0.992,0.998,6.97559919477278e-63
"Ass1",6.99999782069693e-67,0.827178209737708,0.624,0.301,1.17200963511929e-62
"Rpl37",9.91891975164825e-67,-0.451498107896168,0.983,0.995,1.66072473401847e-62
"S100a10",7.619972047943e-66,1.21960144892546,0.85,0.701,1.2758119199871e-61
"Rps9",1.01123278781975e-65,-0.469039086242757,0.997,0.999,1.6931070566466e-61
"Rbms1",1.1815539102368e-65,0.699979718180194,0.929,0.787,1.97827571190947e-61
"Il7r",1.92877866623794e-65,1.09032383871268,0.38,0.104,3.22935412088218e-61
"C1qa",1.37334185271812e-64,-0.676216185742361,0.925,0.983,2.29938626400595e-60
"Rgcc",2.23209668034866e-64,1.14311568418543,0.464,0.163,3.73719947190777e-60
"Anxa5",3.98111137433675e-64,0.615317078736516,0.987,0.962,6.66557477405203e-60
"Msrb1",4.03641286103067e-64,0.82253311260084,0.833,0.626,6.75816605322366e-60
"Clec4e",4.66816384817742e-64,1.09541097167974,0.47,0.17,7.81590673100345e-60
"Ldha",5.36009629739844e-64,0.717070470188803,0.88,0.779,8.97440923073422e-60
"Tpi1",1.26287739777599e-63,0.864024962911667,0.837,0.679,2.11443562709634e-59
"Sdcbp",8.72540648624998e-63,0.581558087488015,0.993,0.978,1.46089480799283e-58
"Plac8",1.25555187189422e-62,1.57542524027243,0.574,0.284,2.1021704991125e-58
"Anpep",2.80104149065563e-62,0.860262840425718,0.51,0.219,4.68978376780473e-58
"Ndufb1-ps",4.45766016726096e-62,0.656191076733049,0.911,0.686,7.46346041804502e-58
"Ifi204",4.68384623008231e-62,0.797264948420572,0.884,0.736,7.84216374302681e-58
"Chil3",5.82781271872152e-62,1.70392671200976,0.759,0.482,9.75750683495544e-58
"Rpl3",1.74158936953913e-61,-0.505320223320726,0.966,0.989,2.91594308141937e-57
"Cd83",2.60171677494059e-61,-1.35145815501122,0.634,0.857,4.35605439628302e-57
"Mmp19",2.67435398296926e-61,1.54247836386768,0.542,0.251,4.47767087368543e-57
"Rpl29",3.1773306552969e-61,-0.560204857640716,0.893,0.967,5.3198047161636e-57
"Fam129a",3.51087761844793e-61,-0.66256059291148,0.216,0.547,5.87826239656737e-57
"Mef2c",4.85059834264092e-61,-0.831772397768045,0.253,0.579,8.12135680508369e-57
"Ramp1",2.90313603684712e-60,-0.684585847407261,0.14,0.452,4.86072066649313e-56
"Rpl30",4.80392752558704e-60,-0.415527047986531,0.982,0.993,8.04321585609038e-56
"Tarm1",4.97353668810231e-60,0.419025065341871,0.252,0.033,8.3271924768897e-56
"Bst2",9.32844542715643e-60,0.686863914846224,0.941,0.911,1.5618616178688e-55
"Oas3",5.34234670335865e-59,0.612712473814029,0.478,0.183,8.94469108543338e-55
"Rnf213",5.64654868183467e-59,0.76274280223896,0.795,0.578,9.45401645799578e-55
"Hk3",8.45410567682379e-59,0.700489371852333,0.584,0.294,1.41547091347061e-54
"Igf2r",9.0310158880618e-59,0.622403138310171,0.469,0.172,1.51206299013819e-54
"Rpl11",9.55713980761394e-59,-0.448863807847169,0.975,0.995,1.6001519179888e-54
"Ccl7",1.5390575329323e-58,1.55157030893053,0.699,0.436,2.57684402738855e-54
"Hfe",2.13806258174528e-58,-0.605576807632266,0.218,0.532,3.57975818061612e-54
"Rps10",5.5985211102722e-58,-0.759814495321274,0.777,0.917,9.37360389492874e-54
"Ypel3",1.12253346240645e-57,-0.644574949768265,0.394,0.694,1.87945777610711e-53
"Slc7a8",1.58188161415061e-57,0.716120935230007,0.692,0.424,2.64854438657236e-53
"Rplp0",1.22188270385432e-56,-0.463203210529628,0.975,0.992,2.04579821106328e-52
"Pfdn5",1.44434752762136e-56,-0.512959492089339,0.874,0.955,2.41827106549644e-52
"Gda",1.50820085881565e-56,0.736716858274953,0.682,0.389,2.52518069791504e-52
"Rpl34",1.90247223478601e-56,-0.424472181750005,0.972,0.994,3.18530926270222e-52
"Ms4a4c",2.52480127112411e-56,0.955012574853168,0.788,0.576,4.2272747682431e-52
"Bmyc",2.74253248695539e-56,-0.553532170072343,0.103,0.399,4.5918221429094e-52
"Tgfbi",6.39100059189815e-56,0.725543647803768,0.974,0.978,1.07004522910151e-51
"Aprt",1.17932640559544e-55,0.684604698306679,0.885,0.771,1.97454620088844e-51
"Irf7",1.52751923400946e-55,0.762195963829378,0.768,0.525,2.55752545350203e-51
"Slc16a3",5.3831740796106e-55,0.735918391479008,0.544,0.265,9.01304836149203e-51
"Rps15a",8.09264355899806e-55,-0.426138630167327,0.972,0.992,1.35495131108305e-50
"Hsp90b1",1.11594170635568e-54,0.714860642049419,0.985,0.974,1.86842119895132e-50
"Rps16",1.27640303932316e-54,-0.365642693081532,0.993,0.995,2.13708160873876e-50
"App",2.27484376759753e-54,0.546602651084442,0.95,0.911,3.80877092008854e-50
"Flt1",1.3029155827498e-53,0.609324279106278,0.359,0.102,2.18147156019799e-49
"Ctsd",2.43315151002812e-53,0.613619884039432,0.99,0.931,4.07382557324008e-49
"Neurl3",3.29529244547246e-53,-0.697557227599769,0.71,0.874,5.51730814145454e-49
"Hpgd",1.2265901411959e-52,-1.10243446915369,0.031,0.284,2.0536798734043e-48
"Oasl2",1.47822534905943e-52,0.660131992205127,0.677,0.41,2.47499270193021e-48
"Psmb10",1.78026011784633e-52,0.630187066233115,0.869,0.79,2.98068951531012e-48
"Rpl36a",2.37311604453455e-52,-0.480917020287723,0.92,0.967,3.9733081933642e-48
"Ifitm3",2.43042968773751e-52,0.954992342165755,0.931,0.898,4.06926842617891e-48
"Oasl1",5.13056002561242e-52,0.654201297808229,0.385,0.127,8.59009665088288e-48
"Rpl7",9.2220747945357e-52,-0.357475120824271,0.983,0.993,1.54405198284911e-47
"Rnh1",1.26335125476779e-51,0.863805193811572,0.789,0.656,2.11522900585771e-47
"Zfhx3",1.75496896860531e-51,-0.60815519444334,0.395,0.685,2.93834454413586e-47
"Ntpcr",3.79332903246385e-51,-0.617673246317008,0.333,0.618,6.35117079905422e-47
"Ifi211",8.25577682692414e-51,0.6668905458358,0.637,0.378,1.38226471413191e-46
"Rpl35a",9.72851342810342e-51,-0.300944163028687,0.997,0.996,1.62884500326736e-46
"Tmsb4x",1.15957127522865e-50,-0.361025463466317,1,0.999,1.94147018611532e-46
"Eef1b2",1.5577091908617e-50,-0.455204603075889,0.931,0.973,2.60807249825975e-46
"Fth1",1.61787762595755e-50,0.52318046131586,1,1,2.70881250914072e-46
"Cd274",3.26518644117016e-50,0.700187975768354,0.595,0.316,5.4669016584512e-46
"Psme1",3.73112279355861e-50,0.55282912994489,0.927,0.907,6.24701889325518e-46
"Lgals1",3.86709071445653e-50,0.855200279984631,0.926,0.865,6.47466998321458e-46
"Nrp2",4.75541925978255e-50,0.65362264121108,0.638,0.353,7.96199846665393e-46
"Capza2",6.01723856690299e-50,0.448909586020809,0.974,0.959,1.00746625325657e-45
"Cycs",1.30178574536283e-49,0.613195832730367,0.785,0.63,2.17957987346099e-45
"Grn",3.43067475730313e-49,0.548929817985056,0.997,0.982,5.74397874615263e-45
"Rnf149",4.27433312604206e-49,0.59054247994619,0.97,0.853,7.15651595293222e-45
"mt-Atp6",5.36820934682369e-49,-0.527514051196837,0.999,0.999,8.98799290938691e-45
"Glrx",1.64261344753111e-48,0.722766313328125,0.728,0.526,2.75022769520134e-44
"Actr2",2.18307875369488e-48,0.500106414504076,0.964,0.933,3.65512875731134e-44
"Abca9",2.44917277657471e-48,-0.529295076542958,0.057,0.312,4.10064997981904e-44
"Trim30a",2.93328125150529e-48,0.684319028702093,0.774,0.592,4.91119279939531e-44
"Ifi47",3.65646397820753e-48,0.689147032380149,0.625,0.376,6.12201763871287e-44
"H2-DMb1",4.12127219981138e-48,-0.745079320155221,0.71,0.879,6.9002460441442e-44
"S100a4",4.84377852178089e-48,1.14499544480846,0.647,0.401,8.10993837901774e-44
"Tbcb",5.10071895948931e-48,0.576792199580319,0.812,0.676,8.54013375387294e-44
"Hnrnpa2b1",7.12715929106376e-48,0.461179240565724,0.979,0.938,1.1933002801028e-43
"Psma7",1.0012558001394e-47,0.554158434218092,0.904,0.868,1.67640258617339e-43
"Plec",1.41304866362387e-47,0.661824668579087,0.612,0.353,2.36586737750545e-43
"Hsp90aa1",2.21670015478307e-47,0.565345575987728,0.957,0.886,3.7114210691533e-43
"Rps23",2.29452842644962e-47,-0.323745252936949,0.998,0.995,3.8417289444046e-43
"Fcrls",2.42572834922425e-47,-1.13711932033286,0.06,0.307,4.06139697510617e-43
"Man2b1",3.39021053181466e-47,-0.590407051567301,0.755,0.911,5.67622949341728e-43
"Stat1",4.23608048094038e-47,0.665516293449369,0.903,0.731,7.09246954923848e-43
"Fos",5.40078642831499e-47,-1.31639650914067,0.962,0.987,9.04253671692779e-43
"Plin2",6.19913192357692e-47,0.708948196121163,0.921,0.809,1.03792065796448e-42
"Rps15",7.16141019782741e-47,-0.339569416828819,0.983,0.997,1.19903490942224e-42
"Rps13",7.18043005957839e-47,-0.36709541014929,0.984,0.994,1.20221940487521e-42
"Rab1a",1.05875996075232e-46,0.561921645807769,0.862,0.727,1.77268180228761e-42
"Sdc3",2.48208329607155e-46,0.587114092165541,0.913,0.832,4.15575206261259e-42
"Eef2",2.56166392437077e-46,-0.441739944399918,0.919,0.97,4.28899390857399e-42
"Gpnmb",2.72432575312298e-46,1.17412430283873,0.368,0.127,4.56133860845381e-42
"Atf3",7.95689315890251e-46,-1.38367714239234,0.639,0.815,1.33222262159505e-41
"Emp1",1.14279934232526e-45,0.845002552352465,0.555,0.301,1.91338893885518e-41
"Tgm2",1.47676195708907e-45,0.721085436390974,0.892,0.661,2.47254254475423e-41
"Nme1",1.79586522799105e-45,0.625952677449075,0.808,0.638,3.00681715122542e-41
"Mgl2",2.63769227829083e-45,-1.46152526370922,0.031,0.255,4.41628818154233e-41
"Il18bp",3.98148288547569e-45,0.672162966725439,0.715,0.456,6.66619679515194e-41
"Pdia6",4.03597257446806e-45,0.656336397110692,0.91,0.8,6.75742888143187e-41
"Ctsl",7.74869325884317e-45,1.1135650916555,0.919,0.874,1.29736371232811e-40
"Rps12",1.1124723725395e-44,-0.340648618880376,0.993,0.997,1.86261249334289e-40
"Rpl14",1.15071608971883e-44,-0.404734698552614,0.941,0.986,1.92664394901624e-40
"Vim",1.18207877810461e-44,0.614559775414544,0.998,0.976,1.97915449818055e-40
"Atp1a1",1.75881147673854e-44,0.514836667027933,0.901,0.783,2.94477805550333e-40
"Esd",1.96705728154418e-44,0.715031297023825,0.834,0.767,3.29344400648942e-40
"Rpn1",2.11113570794524e-44,0.667737932629196,0.796,0.617,3.53467451581272e-40
"Clec4a2",2.15709851964597e-44,-0.656053502293931,0.608,0.822,3.61163005144325e-40
"Bhlhe40",2.30981636598201e-44,0.647311776696553,0.518,0.248,3.86732554156367e-40
"Rps27a",3.04192136400783e-44,-0.359704486891665,0.986,0.999,5.09308893975831e-40
"Ccl2",3.2790017584822e-44,1.12378946156216,0.778,0.587,5.49003264422674e-40
"Itgb2",5.67067085698454e-44,0.572031777976433,0.887,0.804,9.49440421584922e-40
"Fabp5",5.72399506380354e-44,1.29850111195174,0.696,0.475,9.58368493532626e-40
"Mdm2",7.78095100947868e-44,0.673201741417607,0.745,0.538,1.30276462751702e-39
"Rps19",7.99756227810461e-44,-0.375621347219697,0.983,0.997,1.33903185222305e-39
"Lgmn",8.11617758094078e-44,0.672019299966151,0.991,0.995,1.35889161237692e-39
"Ell2",1.11672606589699e-43,0.631670467288272,0.849,0.623,1.86973445213133e-39
"Psmb6",1.39655740223906e-43,0.595896733070894,0.83,0.751,2.33825605856885e-39
"Atp5g3",1.91394384151244e-43,0.524043466308838,0.896,0.773,3.20451617384428e-39
"M6pr",2.44272381885024e-43,0.553698359480135,0.915,0.816,4.08985248990096e-39
"Hspa5",2.62166019529143e-43,0.640031530102082,0.986,0.959,4.38944566497644e-39
"Msn",5.29786188447227e-43,0.482547873268667,0.954,0.921,8.87021015317193e-39
"Shisa5",5.67574062947306e-43,0.498697487783061,0.89,0.813,9.50289253592675e-39
"Gna13",8.90245196210268e-43,0.562662220014044,0.9,0.794,1.49053753201485e-38
"Eif4g2",1.68640384454982e-42,0.497516706275531,0.948,0.877,2.82354595692977e-38
"Btg2",3.57088636110041e-42,-0.712322938947815,0.913,0.943,5.97873503439042e-38
"Bak1",5.50086260639955e-42,0.480816579915159,0.63,0.37,9.21009426189477e-38
"Atp6v1g1",7.03093383114399e-42,0.477600443901324,0.935,0.922,1.17718925134844e-37
"Pfn1",1.16231937967756e-41,0.340863570467033,0.991,0.989,1.94607133739413e-37
"Ywhaz",1.9553333513285e-41,0.505070778887487,0.958,0.875,3.2738146301293e-37
"Psmd2",1.9700473765677e-41,0.524025966835763,0.769,0.563,3.2984503225873e-37
"Ppa1",2.50039350154556e-41,0.447502142681861,0.458,0.208,4.18640883963773e-37
"Atp6v1c1",2.62172951516686e-41,0.604693572076569,0.71,0.499,4.38956172724387e-37
"Mrc1",3.82776881327239e-41,-0.86223390852111,0.397,0.652,6.40883332406196e-37
"Ppfia4",4.48538156995636e-41,-0.519581529704213,0.284,0.556,7.50987436257794e-37
"Iigp1",8.01113462759591e-41,0.743431588494446,0.601,0.34,1.34130427069838e-36
"Rpsa",9.64062700624938e-41,-0.367853274757064,0.987,0.997,1.61413017965633e-36
"Eef1a1",1.01091502402352e-40,-0.26206238887425,1,0.998,1.69257502472258e-36
"Iqgap1",1.20454868715008e-40,0.510217938445827,0.976,0.965,2.01677586689537e-36
"Slfn2",1.59771322916588e-40,0.55922046552042,0.91,0.798,2.67505125959244e-36
"Pld4",1.61697604770731e-40,-0.425891527058229,0.862,0.962,2.70730299667634e-36
"Ssh2",1.65815135801961e-40,-0.538840643110828,0.352,0.597,2.77624281873223e-36
"Fam129b",1.67524902264476e-40,0.50007367965611,0.437,0.196,2.80486943861412e-36
"H2-DMa",1.89827102323799e-40,-0.607567300817072,0.802,0.918,3.17827517420737e-36
"Sppl2a",1.99241130518713e-40,0.509643077798425,0.868,0.742,3.33589424827481e-36
"Fosb",2.13973468928481e-40,-0.667227372454928,0.925,0.968,3.58255779026956e-36
"Rpl15",2.18169549018601e-40,-0.40665152526522,0.951,0.974,3.65281275921844e-36
"H2afz",2.19211775812241e-40,-1.06109825527422,0.038,0.252,3.67026276242436e-36
"Lifr",2.21022451553289e-40,-0.493552373680612,0.1,0.34,3.70057890635671e-36
"Canx",3.08995043232262e-40,0.500901334121586,0.951,0.881,5.17350400883777e-36
"Ckb",3.90144504813091e-40,-0.517589267294983,0.595,0.822,6.53218944408558e-36
"Ywhae",4.17229148796759e-40,0.43868108753622,0.945,0.91,6.98566763830414e-36
"Atp5pb",4.62814387714456e-40,0.507928945874304,0.877,0.678,7.74890129350314e-36
"Rack1",5.71391859615867e-40,-0.324240764262096,0.985,0.995,9.56681390554845e-36
"Btg1",5.72654069647696e-40,0.57480872234279,0.993,0.967,9.58794708811138e-36
"Rab7",7.51267756561549e-40,0.532739144538852,0.877,0.799,1.257847604811e-35
"Atp6v1b2",8.26781999549565e-40,0.605109637155427,0.803,0.622,1.38428110184584e-35
"BC005537",9.99944376795043e-40,0.575331625039393,0.965,0.884,1.67420687006794e-35
"Psma4",1.6981929575644e-39,0.503055293348618,0.826,0.753,2.84328446885007e-35
"Rpl6",1.80944790169776e-39,-0.345735396563605,0.986,0.994,3.02955862181257e-35
"Ccr1",4.75477642650264e-39,0.793988887782042,0.612,0.384,7.96092217089338e-35
"Arpc5",6.24972714933375e-39,0.46451459880625,0.965,0.919,1.04639181661295e-34
"Rpl35",6.54206732824649e-39,-0.391481852926047,0.935,0.976,1.09533833276831e-34
"Azin1",6.93958636244412e-39,0.671689370042926,0.733,0.524,1.16189494466402e-34
"Cndp2",7.98834826404872e-39,0.506059018202682,0.87,0.749,1.33748914984968e-34
"Cd44",1.18746536467284e-38,0.706321340904312,0.957,0.845,1.98817326007173e-34
"Olr1",2.42419636306114e-38,0.67731123559283,0.278,0.086,4.05883197067327e-34
"Jun",3.02593509128954e-38,-1.78886148550617,0.583,0.757,5.06632312334607e-34
"Pou2f2",3.52047074725521e-38,-0.577883949744789,0.464,0.726,5.8943241721294e-34
"Efhd2",3.69397653767257e-38,0.398915573520352,0.978,0.949,6.18482491702519e-34
"Atp1b3",4.07285092849432e-38,0.467388139383626,0.886,0.753,6.81917430957804e-34
"Cebpb",5.08506074431172e-38,0.529496246776989,0.992,0.975,8.51391720420111e-34
"Chchd2",9.34145911070581e-38,0.383231447507483,0.979,0.97,1.56404049890547e-33
"Rap1b",1.2548042009035e-37,0.406349859040655,0.981,0.961,2.10091867357273e-33
"Psmd13",1.3308553417944e-37,0.52080928860859,0.731,0.538,2.22825109876636e-33
"Ahnak",1.37622715400123e-37,0.871099534787132,0.859,0.746,2.30421712394425e-33
"Neat1",1.74365264480254e-37,0.6320975893128,0.885,0.685,2.91939762319289e-33
"Malt1",2.51150121010803e-37,0.887192321584682,0.651,0.436,4.20500647608387e-33
"Rpl7a",2.57095831354873e-37,-0.396668649077922,0.923,0.983,4.30455550437464e-33
"S100a11",3.95540122759825e-37,0.821004483611814,0.811,0.708,6.62252827536774e-33
"Tax1bp1",4.16480324430877e-37,0.542844657084429,0.904,0.805,6.97313007194617e-33
"Pomp",4.48742128322717e-37,0.426338739871681,0.927,0.908,7.51328945450725e-33
"Lgals3bp",4.5274830721226e-37,0.517851877325535,0.842,0.712,7.58036490765486e-33
"Tgfbr2",4.610644415981e-37,-0.501644737049389,0.468,0.698,7.71960194567699e-33
"Hpgds",5.52263294525056e-37,-0.539690923564184,0.288,0.538,9.24654434023302e-33
"Mxd4",5.83983541912448e-37,-0.417379345577915,0.208,0.458,9.77763644224012e-33
"Cd33",7.34777720990572e-37,-0.551645040722564,0.153,0.389,1.23023833825451e-32
"Ptpn18",8.99171924927184e-37,-0.423461488546915,0.854,0.954,1.50548355390558e-32
"1810037I17Rik",1.17088704120362e-36,0.511129669939328,0.864,0.761,1.96041617308721e-32
"Rtp4",1.23654038653256e-36,0.583692400704596,0.598,0.368,2.07033956917147e-32
"Unc93b1",1.39612720860116e-36,-0.400143112449536,0.897,0.972,2.33753578536092e-32
"mt-Nd4",1.64005868564557e-36,-0.411121339903599,0.968,0.997,2.74595025737638e-32
"Camk1",2.25035730203138e-36,-0.455728845441944,0.402,0.638,3.76777323079114e-32
"Emilin2",2.51142198019966e-36,0.602938135040999,0.632,0.422,4.20487382144829e-32
"Rpl22",2.54389388419847e-36,-0.304434835486325,0.97,0.987,4.2592415303135e-32
"Slamf9",2.65027458842583e-36,-0.56212246836592,0.579,0.787,4.43735474340137e-32
"Vsir",4.04307490807974e-36,-0.482255157915949,0.61,0.79,6.76932031859791e-32
"Eno1",5.19209667298505e-36,0.539481821022308,0.727,0.586,8.69312745957886e-32
"Cyba",8.58299904325839e-36,0.390642746266791,0.993,0.995,1.43705152981275e-31
"Ifit1",1.05623981058261e-35,0.531257453859346,0.292,0.097,1.76846231485847e-31
"Nr1h3",1.1972632634238e-35,0.534263592028954,0.588,0.344,2.00457788195047e-31
"Ifi44",1.33804737409372e-35,0.553239381384285,0.445,0.217,2.24029271844512e-31
"Fcgr1",1.68894762639e-35,0.575391587683205,0.887,0.853,2.82780501086478e-31
"Hmox1",1.69226569345248e-35,0.753422297141366,0.624,0.401,2.83336045054748e-31
"Irgm1",1.92036737286906e-35,0.551977396827047,0.566,0.342,3.21527109239467e-31
"Cfh",3.1799976918189e-35,-0.992423433824626,0.115,0.333,5.32427013541239e-31
"Gabarap",3.66990929644303e-35,0.353826168565014,0.97,0.975,6.14452913503457e-31
"Clec4b1",5.01166298567941e-35,-0.60147062360536,0.089,0.302,8.39102733692304e-31
"Npc2",5.05359156568131e-35,0.347258972251619,0.99,0.997,8.46122835842022e-31
"Siglece",6.78013132780623e-35,-0.42449450832945,0.118,0.343,1.1351973882146e-30
"Gapdh",6.94909992790843e-35,0.604492768904675,0.919,0.926,1.16348780092971e-30
"Edem1",8.66101227260277e-35,0.53174427762381,0.767,0.587,1.45011328480188e-30
"Ms4a6d",1.23366127785678e-34,0.51594712174263,0.91,0.867,2.06551907751561e-30
"Stk17b",1.29197643041404e-34,-0.521930396448338,0.691,0.827,2.16315613744223e-30
"Ubb",2.17863044978688e-34,-0.491687744617989,0.913,0.975,3.64768096207818e-30
"Atp5md",2.43758915584444e-34,0.429519394205509,0.9,0.839,4.08125552363035e-30
"Akr1a1",2.54506778456927e-34,0.404580587169461,0.958,0.951,4.26120699170433e-30
"Igfbp4",2.88019700762729e-34,-0.675655597500652,0.068,0.271,4.82231384987037e-30
"Higd1a",6.3113642944626e-34,0.479183010194208,0.723,0.538,1.05671172382187e-29
"Rpl37a",7.33531174221952e-34,-0.284546495563996,0.997,0.999,1.22815124499981e-29
"Tap1",9.71460383642509e-34,0.515944583587403,0.803,0.647,1.62651612033265e-29
"Slamf8",1.35812136092583e-33,0.589142007984245,0.622,0.424,2.27390259459812e-29
"Cfl1",1.40769225165136e-33,0.318792054390355,0.997,0.989,2.35689913693988e-29
"mt-Co3",1.64562849268891e-33,-0.433903948066081,1,1,2.75527578530904e-29
"Atp6v1a",1.68948760460739e-33,0.544043994379905,0.828,0.662,2.82870909639415e-29
"Osbpl8",1.80310889739754e-33,0.568653651468272,0.665,0.462,3.0189452269127e-29
"Rps25",1.89010338405309e-33,-0.302532942459634,0.978,0.991,3.16460009592009e-29
"Psma2",2.06999803159959e-33,0.436492023900346,0.858,0.827,3.4657977043072e-29
"Herpud1",2.15229644036824e-33,-0.717299046066356,0.247,0.47,3.60358993010854e-29
"Lrp1",2.22222672684496e-33,0.53451047409152,0.854,0.765,3.72067420875651e-29
"Psmb5",3.00856099295285e-33,0.478315466951022,0.796,0.699,5.03723367050096e-29
"Calr",3.14291087435293e-33,0.484328384987489,0.961,0.963,5.26217567692912e-29
"Ube2d3",3.95594765073787e-33,0.370359888037896,0.977,0.953,6.62344315163042e-29
"Psmd1",4.42750082355744e-33,0.505210496465365,0.663,0.482,7.41296462888223e-29
"Cct8",4.5014990414788e-33,0.447458932424378,0.823,0.694,7.53685984514796e-29
"Blnk",4.5799594499563e-33,-0.428245845700837,0.26,0.502,7.66822610706183e-29
"Snrpd3",6.66180828327208e-33,0.435674618796155,0.762,0.604,1.11538656086824e-28
"Gla",8.23202385193637e-33,0.477948838502641,0.641,0.42,1.37828775352971e-28
"Lgals9",8.87976925142077e-33,0.542407097316191,0.686,0.51,1.48673976576538e-28
"Cox7a2",1.00791600419265e-32,0.397757502144775,0.915,0.908,1.68755376581976e-28
"Glipr2",1.26844879497819e-32,0.460746875561985,0.272,0.095,2.12376381743198e-28
"Otulinl",1.68696440061208e-32,-0.419223046390477,0.568,0.75,2.82448449594481e-28
"mt-Nd2",1.69256235624104e-32,-0.519425548710869,0.952,0.983,2.83385715305437e-28
"Tuba1b",1.89761711261824e-32,0.445827863932197,0.891,0.78,3.17718033165672e-28
"Pitpna",2.11691177602605e-32,0.473749242608395,0.901,0.881,3.54434538660042e-28
"Pold4",2.53947607455987e-32,-0.487175118278172,0.445,0.651,4.25184479163559e-28
"Cpd",2.8429499270611e-32,0.59704913319782,0.765,0.619,4.75995106287841e-28
"Jund",3.17815688544225e-32,-1.03391177960687,0.94,0.978,5.32118807329597e-28
"Mt1",3.41922821896305e-32,-1.626646580296,0.636,0.797,5.72481380700983e-28
"Rbm3",4.13740759777358e-32,0.422342398891848,0.923,0.876,6.92726154095231e-28
"Sdc4",4.17729769491509e-32,0.548945241041608,0.819,0.656,6.99404953059634e-28
"Psap",4.8467248736855e-32,0.492361652737982,0.999,1,8.11487145601164e-28
"Mfsd1",6.27387900603586e-32,0.452385082604032,0.829,0.682,1.05043556198058e-27
"Cd300c2",9.03523019965526e-32,-0.41639968616295,0.855,0.934,1.51276859232828e-27
"Rpl8",1.15620552086598e-31,-0.278474757438354,0.992,0.999,1.93583490358591e-27
"Ctss",1.16086234130495e-31,0.377592757684059,1,1,1.94363181804688e-27
"Nus1",1.64833521287716e-31,0.508293982966451,0.667,0.453,2.75980764692024e-27
"Rps3a1",1.7557901253437e-31,-0.258098185029007,0.994,0.996,2.93971940686296e-27
"Man2a1",1.78634608391726e-31,0.499046404697488,0.74,0.545,2.99087924830267e-27
"Tanc2",2.12528052304388e-31,-0.426687513028469,0.065,0.252,3.55835717973236e-27
"Cd300lf",2.12635817839974e-31,0.569009341949956,0.626,0.406,3.56016149809469e-27
"Dennd4a",2.55640042718542e-31,-0.513150549520514,0.728,0.847,4.28018123523656e-27
"Slfn1",3.08137097825844e-31,0.392082584500806,0.342,0.146,5.1591394288981e-27
"Ptgs2",3.20505890256225e-31,0.933982016780656,0.695,0.485,5.36623012055997e-27
"Ifit2",3.25538965732412e-31,0.622765216536467,0.312,0.125,5.45049890325777e-27
"Itgam",6.33129593061429e-31,0.499272270591673,0.891,0.777,1.06004887766275e-26
"Kctd12",6.78993467434676e-31,-0.522323287640239,0.798,0.906,1.13683876252588e-26
"Prdx6",7.14317162492107e-31,0.655468921595681,0.744,0.584,1.19598122516053e-26
"Gpr183",7.61277050928419e-31,-0.497321396126205,0.081,0.275,1.27460616636945e-26
"Psmc1",7.84149497389022e-31,0.485414028490687,0.624,0.424,1.31290150347844e-26
"Selenos",8.17158564693189e-31,0.505185124689156,0.785,0.659,1.36816858486581e-26
"Stap1",9.84683137615624e-31,-0.59765699370181,0.352,0.572,1.64865497730984e-26
"Eef1d",1.05634349475079e-30,-0.394518505184388,0.698,0.844,1.76863591326125e-26
"Arpc2",1.45939015265229e-30,0.286546471269534,0.99,0.985,2.44345693258572e-26
"Psmd14",1.93944258774827e-30,0.447020522362647,0.674,0.49,3.24720872466693e-26
"Cdkn1a",1.98622237572416e-30,0.511797366465982,0.952,0.847,3.32553212367496e-26
"Lyz2",2.39570358844755e-30,-0.728729887618131,0.994,0.998,4.01112651813773e-26
"Ctsh",2.88818275837182e-30,-0.342412732348278,0.942,0.986,4.83568439234193e-26
"Ms4a7",3.25602409178999e-30,-0.538399968134189,0.853,0.961,5.45156113688398e-26
"Slfn5",3.47417486743442e-30,0.612756619278736,0.706,0.537,5.81681098054545e-26
"Psma3",3.80527533357441e-30,0.401421169120255,0.855,0.801,6.37117249100364e-26
"Psma6",5.02331703186949e-30,0.422234744019443,0.803,0.718,8.4105397064591e-26
"Itgb7",6.87203727966774e-30,0.440839766724078,0.374,0.174,1.15058520173477e-25
"Cdc42",7.09041688903707e-30,0.257455843021641,0.995,0.988,1.18714849973148e-25
"Fgd2",1.01912082784455e-29,-0.405351512004649,0.308,0.53,1.70631400206014e-25
"Eif3f",1.09494350549998e-29,-0.388424956693278,0.827,0.917,1.83326391125862e-25
"Abcg1",1.11347851627564e-29,0.458766672118279,0.808,0.64,1.86429707980031e-25
"Cd200r4",1.15424507052073e-29,0.34056941861412,0.301,0.118,1.93255252157286e-25
"Lasp1",1.26424056365649e-29,0.504032162943126,0.697,0.532,2.11671797573006e-25
"Slc31a1",1.56919236901221e-29,0.47517165200923,0.539,0.336,2.62729878343715e-25
"Dynll1",1.67981083648145e-29,0.391150415180091,0.932,0.901,2.81250728352089e-25
"Pdia3",1.77486190555741e-29,0.446441427070305,0.957,0.924,2.97165128847478e-25
"Fcgr3",2.96072913263313e-29,-0.495356490144518,0.822,0.916,4.95714878676766e-25
"Tmbim6",3.47207030538972e-29,0.326018481148901,0.964,0.954,5.813287312314e-25
"Adgre1",3.49382460968003e-29,-0.406931958479439,0.86,0.956,5.84971054398728e-25
"Id2",3.9561294711762e-29,0.620768627775984,0.833,0.671,6.62374757359032e-25
"Ap2s1",4.03056370957302e-29,0.427471293193602,0.851,0.758,6.74837281893811e-25
"Ywhab",5.71328465033699e-29,0.397460638985463,0.905,0.833,9.56575249005923e-25
"Slc29a1",6.21811247518779e-29,-0.402279686340008,0.237,0.458,1.04109857172069e-24
"Thbs1",6.48145722889926e-29,0.96118790441887,0.692,0.486,1.0851903838346e-24
"Ndufc1",8.90476764591376e-29,0.424727815197318,0.818,0.714,1.49092524695534e-24
"Ifi206",1.06937268258946e-28,0.355826033764644,0.369,0.171,1.79045068245954e-24
"mt-Cytb",1.1435831095483e-28,-0.4612144290867,0.972,0.995,1.91470120031671e-24
"Arhgap18",1.22487960144947e-28,-0.360636336392349,0.247,0.466,2.05081591670684e-24
"Chmp2a",1.40824518782825e-28,0.444062208932889,0.843,0.787,2.35782491798084e-24
"Dnajb11",1.73623006355753e-28,0.457355813148516,0.708,0.562,2.90696999541438e-24
"Sp100",1.75145437928738e-28,0.545388066809497,0.736,0.596,2.93246006724085e-24
"Grina",1.79213896730519e-28,0.503907683449078,0.779,0.667,3.00057827295908e-24
"Emp3",1.97197520338891e-28,0.45861828733968,0.913,0.915,3.30167808303406e-24
"Xaf1",2.25146920972898e-28,0.431746759315226,0.541,0.337,3.76963489784923e-24
"Vat1",2.59195234814674e-28,0.541154526883279,0.402,0.208,4.33970581650208e-24
"Clcn7",2.62794191820295e-28,0.446613739207379,0.498,0.3,4.3999631536472e-24
"Itga9",2.65285921801919e-28,-0.320097933160545,0.185,0.406,4.44168218872953e-24
"Gbp4",2.7574065040998e-28,0.598782090801642,0.391,0.2,4.61672570981429e-24
"Ssb",4.09673288944138e-28,0.403486425207688,0.843,0.732,6.8591598767917e-24
"Cnih4",4.95413229250253e-28,0.44443921649091,0.786,0.716,8.29470369733699e-24
"Prkcb",7.15224953452295e-28,-0.473516434352931,0.323,0.538,1.19750113956518e-23
"Pfkp",7.64649715705335e-28,0.458479793665866,0.566,0.368,1.28025301900544e-23
"Lhfpl2",7.9119858415479e-28,0.563550386980084,0.554,0.349,1.32470378945036e-23
"Adssl1",8.29900731955034e-28,0.440852728576563,0.466,0.268,1.38950279551231e-23
"Ran",8.60461694295447e-28,0.425195675819335,0.85,0.783,1.44067101475887e-23
"Vcp",9.37875888085347e-28,0.425962767593759,0.869,0.786,1.5702855994213e-23
"Jpt1",9.66182090402014e-28,0.417650359157532,0.853,0.814,1.61767867396009e-23
"Cct6a",9.71648437637802e-28,0.456381479273508,0.769,0.632,1.62683097913697e-23
"Pea15a",1.14760966493422e-27,-0.421239381219482,0.511,0.7,1.92144286199937e-23
"Ifi209",1.27173860452755e-27,0.504328239310634,0.571,0.379,2.12927194556047e-23
"Psma5",1.27312050070151e-27,0.41616697446117,0.778,0.679,2.13158565432454e-23
"H2-K1",1.38937599056233e-27,0.311523910232351,0.999,0.998,2.32623222099852e-23
"Riok3",1.67859494195876e-27,0.442392510327885,0.756,0.608,2.81047151132156e-23
"Dck",1.68770372167126e-27,0.491130318054693,0.509,0.312,2.82572234119419e-23
"Nfkbiz",2.43176726649623e-27,-0.785978275056733,0.584,0.755,4.07150793429463e-23
"Slc7a11",2.50944819258784e-27,0.704274898198597,0.301,0.131,4.20156910884982e-23
"Arhgap15",2.56361472036065e-27,-0.38647528782412,0.33,0.546,4.29226012629983e-23
"Ciita",3.93800907719076e-27,-0.426357077922057,0.254,0.464,6.59340859794048e-23
"Rpl5",4.25642618776421e-27,-0.288048606782327,0.961,0.985,7.12653436617361e-23
"Clic4",4.68984209574931e-27,0.430219937247681,0.912,0.815,7.85220262091308e-23
"Ehd4",4.78215043509754e-27,-0.424435748974752,0.729,0.855,8.00675447348381e-23
"Magohb",5.61743540759404e-27,0.414273929678366,0.474,0.282,9.40527210293471e-23
"Stx3",5.92441589659992e-27,0.409398230847014,0.352,0.166,9.91924953567725e-23
"Cxcl9",5.95607679462456e-27,1.4581244579737,0.56,0.36,9.9722593772399e-23
"Cox5a",6.1842803203758e-27,0.351769130421907,0.959,0.897,1.03543405404052e-22
"Jmjd1c",6.64604569260663e-27,-0.431523194282835,0.751,0.861,1.11274743031313e-22
"Por",6.95894569628973e-27,0.499642129674631,0.622,0.43,1.16513627792979e-22
"Rap2c",7.87137090422938e-27,0.397953368089693,0.574,0.376,1.31790363049512e-22
"Ifrd1",8.32214048728994e-27,0.455062275716089,0.959,0.899,1.39337598178695e-22
"Ifi35",8.78184157786023e-27,0.408072287504863,0.565,0.376,1.47034373538114e-22
"Rab32",9.24140878091795e-27,0.424893729035177,0.581,0.382,1.54728907218909e-22
"Naaa",9.48503902730717e-27,0.576724980561425,0.765,0.638,1.58808008434204e-22
"Cox6a1",9.57099041425466e-27,0.371122664022523,0.916,0.855,1.60247092505866e-22
"Capza1",1.13437702358799e-26,0.4175562936744,0.787,0.656,1.89928745059336e-22
"Psmb3",1.29766525241563e-26,0.437983581045197,0.83,0.773,2.1726809321195e-22
"Snx10",1.63550359833859e-26,0.461895522581015,0.711,0.558,2.7383236746983e-22
"Usp25",1.63932359359949e-26,0.484390288769981,0.707,0.542,2.74471949276363e-22
"Glul",1.67003829900294e-26,-0.520920274408744,0.515,0.704,2.79614512402063e-22
"Batf3",1.69218636176181e-26,-0.349383376225074,0.163,0.362,2.83322762549779e-22
"Uqcrq",1.73861715610819e-26,0.368145597234315,0.902,0.85,2.91096670447195e-22
"Rpl19",1.86398065553845e-26,-0.282776292522542,0.986,0.998,3.12086281156803e-22
"Fgl2",1.87021057869453e-26,0.497881282165153,0.901,0.807,3.13129357190825e-22
"Mtpn",1.94087194657713e-26,0.455022955939274,0.825,0.707,3.24960190015408e-22
"Ier2",2.09352295263636e-26,-1.1655896745999,0.587,0.734,3.50518547959905e-22
"Diaph1",2.35924355585009e-26,0.47261863520028,0.76,0.638,3.95008148555981e-22
"Eif3h",2.97261795519229e-26,-0.357743663896104,0.755,0.875,4.97705424237845e-22
"Atp5mpl",3.65234303156308e-26,0.390308388465494,0.908,0.865,6.11511793774606e-22
"Rps8",3.72731680930823e-26,-0.252717251802657,0.993,1,6.24064653382477e-22
"Hspa9",3.75455604859938e-26,0.452885242367832,0.703,0.538,6.28625319216995e-22
"Comt",3.92662172204332e-26,-0.402024703051787,0.385,0.572,6.57434274921712e-22
"Ccr5",5.5092364710399e-26,0.390522256962091,0.929,0.861,9.2241146234621e-22
"Ranbp1",5.75655264138542e-26,0.416494536463161,0.74,0.61,9.63819608747161e-22
"Ndufb7",8.19901566369816e-26,0.366293094829896,0.863,0.827,1.37276119257298e-21
"Rab5c",8.2611953040553e-26,0.37117953193928,0.867,0.797,1.38317192975798e-21
"Tnfaip2",1.39772088293918e-25,0.664318225009375,0.647,0.452,2.34020407430507e-21
"Septin7",1.46819116518781e-25,0.387745730778435,0.728,0.544,2.45819246787395e-21
"Rps27l",1.56126486303002e-25,0.4037620716867,0.925,0.906,2.61402576017116e-21
"Soat1",1.78600261576987e-25,0.476781409449073,0.793,0.662,2.9903041795835e-21
"Ube2a",1.95988928160439e-25,0.422505669418939,0.658,0.496,3.28144262419023e-21
"Myl6",2.28823853472513e-25,0.295701345042691,0.984,0.984,3.83119777869029e-21
"Rpl13a",2.30707184156835e-25,-0.406090144618088,0.667,0.79,3.86273038433789e-21
"P4hb",2.73834933789842e-25,0.441695393123871,0.78,0.651,4.58481829644332e-21
"Ckap4",3.11656100615737e-25,0.458791985307483,0.407,0.227,5.21805809260928e-21
"Lrrc8c",4.25054334639725e-25,0.402418191087495,0.445,0.256,7.11668472487292e-21
"Dock8",5.33807370202166e-25,-0.363049296064403,0.444,0.637,8.93753679929487e-21
"Cd40",5.66571587379596e-25,0.595100374684508,0.499,0.318,9.48610808749657e-21
"Pcbp1",5.72826788397198e-25,0.387446336794503,0.907,0.851,9.59083891813428e-21
"Slfn4",6.91618413703104e-25,0.61085865428699,0.308,0.143,1.15797671006311e-20
"Bax",1.71985381387622e-24,0.442081646954223,0.8,0.715,2.87955124057296e-20
"Cd36",1.89598332523142e-24,0.976877059387381,0.4,0.221,3.17444488143497e-20
"Ube2l3",2.14317954182815e-24,0.365344942030555,0.829,0.771,3.58832550688287e-20
"Dusp1",2.47883274393224e-24,-0.797590672464135,0.974,0.989,4.15030966316574e-20
"Cfb",3.1124973741396e-24,0.385325590216459,0.392,0.212,5.21125435352194e-20
"Rpl18",3.12039363095753e-24,-0.275333198151051,0.974,0.993,5.2244750563122e-20
"Arhgef6",3.15859490406003e-24,-0.346647073393811,0.254,0.45,5.28843544786771e-20
"Ddx5",3.16118107746544e-24,-0.298671765756543,0.974,0.992,5.29276547800039e-20
"Itgb5",3.25419202891763e-24,-0.382825486529324,0.71,0.838,5.44849371401679e-20
"Parp12",3.45212547847284e-24,0.361837013222349,0.477,0.288,5.77989368860707e-20
"Psmd8",4.45759420571995e-24,0.441209469687067,0.756,0.668,7.46334997863691e-20
"Tmcc3",4.73699893261901e-24,-0.364615733822593,0.298,0.508,7.93115731288401e-20
"Rab11a",4.97402354625609e-24,0.432180714994132,0.732,0.594,8.32800762349657e-20
"B4galt1",5.07253450864921e-24,0.495435003769542,0.672,0.496,8.49294452783138e-20
"Zfp36",5.37140962989606e-24,-0.814576626544954,0.976,0.985,8.99335114333498e-20
"Atp5k",6.37183879104068e-24,0.37448692336715,0.863,0.81,1.06683696878394e-19
"Psmb8",6.53915703578213e-24,0.400861136255647,0.902,0.922,1.094851062501e-19
"Rai14",7.76880027272291e-24,0.38347748709308,0.31,0.143,1.300730229662e-19
"Arrdc4",7.88278659999345e-24,0.392877204625559,0.418,0.23,1.3198149604369e-19
"Helz2",9.28302439197506e-24,0.318308413110951,0.289,0.129,1.55425677394838e-19
"Srxn1",1.00180640671424e-23,0.456556814573781,0.39,0.215,1.67732446676165e-19
"Dazap2",1.01955187113825e-23,0.378071512354421,0.961,0.932,1.70703569784677e-19
"Gba",1.02314765836328e-23,0.393798050510322,0.518,0.336,1.71305612439764e-19
"Rpl24",1.20395092936966e-23,-0.299364886023613,0.975,0.996,2.01577504104362e-19
"Sh2d1b1",1.27686941682946e-23,-0.284366921418403,0.103,0.274,2.13786246459756e-19
"Dmxl2",1.73296881431785e-23,0.492285673703541,0.433,0.262,2.90150968581237e-19
"Mapk14",2.01801304475314e-23,-0.33531659022652,0.376,0.562,3.37875924083018e-19
"Ezr",3.21200121924524e-23,0.488750605737102,0.728,0.592,5.37785364138231e-19
"Atp2a2",3.49921629567519e-23,0.441610778806146,0.687,0.542,5.85873784384897e-19
"Ndufb6",3.62875564767198e-23,0.393329474871871,0.697,0.547,6.0756255808972e-19
"Timp2",5.1124749848875e-23,-0.448879680291436,0.61,0.773,8.55981686719714e-19
"Eif4a1",6.01711026042749e-23,0.353603962476503,0.938,0.941,1.00744477090337e-18
"Fnbp1",7.64880515896429e-23,-0.357041723530858,0.462,0.643,1.28063944776539e-18
"Herc6",8.20242140499965e-23,0.408158628395672,0.4,0.231,1.37333141583909e-18
"Higd2a",8.20668016299317e-23,-0.318589301351461,0.375,0.563,1.37404445968995e-18
"Pink1",8.92177065516521e-23,-0.262117186580107,0.091,0.25,1.49377206079431e-18
"Pira2",1.00827544999934e-22,0.40180471588914,0.462,0.28,1.6881555859339e-18
"Psmd11",1.19701947666969e-22,0.390117338164912,0.631,0.452,2.00416970978807e-18
"St8sia4",1.21671075715526e-22,-0.420418617049284,0.297,0.494,2.03713882070505e-18
"Manf",1.23816283834409e-22,0.509409098855607,0.821,0.754,2.07305604023951e-18
"H13",1.40626154986235e-22,0.371902910456922,0.72,0.565,2.35450371293453e-18
"Rbm8a",1.41785803630523e-22,0.344989195993503,0.757,0.634,2.37391971018585e-18
"Egr1",1.4775943560603e-22,-1.49009686905455,0.303,0.47,2.47393623035176e-18
"Serpina3g",1.56051775771575e-22,0.626166696504891,0.382,0.219,2.61277488174348e-18
"Hnrnpm",1.60410367447592e-22,0.370542397072346,0.855,0.752,2.68575078217502e-18
"Atp6v0c",1.6477869768246e-22,0.31990399670647,0.982,0.992,2.75888973529742e-18
"Lst1",1.8557360261553e-22,-0.386329139529339,0.885,0.959,3.10705882859182e-18
"Cd72",1.88959871627664e-22,-0.580198598567908,0.679,0.819,3.16375513066198e-18
"C3",2.01678493394873e-22,0.54962060571829,0.731,0.564,3.37670301491037e-18
"Tmem30a",2.1020026441332e-22,0.389524195149062,0.695,0.536,3.51938302707221e-18
"Selenot",2.46036359599604e-22,0.386980372092689,0.782,0.639,4.11938676877617e-18
"Slc35b1",2.47249617406677e-22,0.358340422913159,0.47,0.302,4.13970034423999e-18
"Smpdl3a",2.62995190188455e-22,0.506803443650849,0.685,0.547,4.4033284693253e-18
"Coa5",2.87893007010602e-22,0.392011132664782,0.58,0.412,4.82019261637851e-18
"Hnrnpab",3.3091723366601e-22,0.37657835940852,0.833,0.728,5.54054724327e-18
"Septin9",4.03845032412819e-22,0.366239432501537,0.535,0.349,6.76157737768783e-18
"Eif4e",4.27294933604991e-22,0.438802492110603,0.731,0.566,7.15419907334836e-18
"Tmed2",4.3620488940935e-22,0.365080531241466,0.874,0.791,7.30337846338075e-18
"Ptbp3",4.94187232448186e-22,0.349950062453229,0.923,0.844,8.27417683287999e-18
"Cd180",5.25158990637811e-22,0.418875657669998,0.663,0.5,8.79273698024887e-18
"Igtp",6.13294318138668e-22,0.398987782727761,0.498,0.318,1.02683867685957e-17
"Cmpk1",6.3154619663492e-22,0.398559108457101,0.826,0.722,1.05739779702585e-17
"Lrmp",6.7115479988256e-22,-0.285407381085644,0.158,0.336,1.12371448144337e-17
"Usp18",7.8162692317012e-22,0.341273166034588,0.284,0.131,1.30867795746373e-17
"Atp6v1e1",8.16355852874775e-22,0.40004999073433,0.817,0.73,1.36682460446824e-17
"Rps27rt",9.04900182632074e-22,-0.453075223123099,0.261,0.431,1.51507437578088e-17
"Socs3",1.03959406115382e-21,-0.77936008952774,0.718,0.825,1.74059233658983e-17
"Cd48",1.05401271569439e-21,-0.356432733909488,0.681,0.794,1.76473348988712e-17
"Ccdc71l",1.07599986420556e-21,0.413664013228784,0.509,0.331,1.80154657263936e-17
"Creld2",1.19036144099514e-21,0.489401744728434,0.45,0.283,1.99302216065816e-17
"Emb",1.25181527286321e-21,0.461603500821357,0.605,0.444,2.09591431135487e-17
"Tmem189",1.37402857487373e-21,0.400952558808286,0.682,0.536,2.30053604291108e-17
"Gna12",1.67948795772631e-21,-0.378150799551675,0.438,0.618,2.81196668762116e-17
"Foxn3",1.82772450522773e-21,-0.355580938712536,0.411,0.592,3.06015913910279e-17
"Abracl",1.93684185040431e-21,0.363464072775979,0.866,0.832,3.24285431013194e-17
"Rps2",2.22144117521692e-21,-0.301417780216037,0.943,0.981,3.7193589596657e-17
"Lsm12",2.22998347717868e-21,0.354510527801626,0.685,0.533,3.73366133584026e-17
"Ric1",2.79643539425026e-21,0.352788991834389,0.465,0.283,4.68207178059321e-17
"Pfkl",2.93998580510598e-21,0.304221814363384,0.397,0.221,4.92241823348895e-17
"Sgpl1",3.01542134694032e-21,0.390979723936828,0.795,0.66,5.04871996118218e-17
"Ugp2",3.06963459421558e-21,0.350963726687755,0.551,0.384,5.13948920109514e-17
"Pdia4",3.09241059879265e-21,0.508722092660073,0.612,0.46,5.17762306555853e-17
"Osm",3.56780700985184e-21,0.652938485625166,0.631,0.48,5.97357927659493e-17
"Ly6i",3.66097415739199e-21,0.83699385518982,0.379,0.214,6.1295690317214e-17
"Ikbke",3.81232535705965e-21,0.296974419393195,0.347,0.181,6.38297634532497e-17
"Stt3b",3.83226192462056e-21,0.358389483876139,0.554,0.378,6.41635614039221e-17
"Prkar1a",3.87291506838309e-21,0.399538186161126,0.847,0.732,6.48442169899381e-17
"Trim25",3.87692575065333e-21,0.467428484918818,0.767,0.623,6.49113678431887e-17
"Cap1",4.21931116138332e-21,0.334259790561911,0.833,0.698,7.0643926775041e-17
"Rassf4",8.76813007749792e-21,-0.332971645763793,0.565,0.734,1.46804801887548e-16
"Gbp7",9.17331201642462e-21,0.504151726093945,0.61,0.468,1.53588763090997e-16
"Tmem37",1.02038590696301e-20,-0.36925750777355,0.251,0.418,1.70843212402816e-16
"Tubb4b",1.02234420558475e-20,0.36965183011807,0.491,0.318,1.71171090341055e-16
"Tgfbr1",1.2430561829382e-20,-0.420969334877862,0.549,0.695,2.08124896709343e-16
"Gas2l3",1.25025510002373e-20,0.436120998006086,0.477,0.296,2.09330211396973e-16
"Tap2",1.41939512329383e-20,0.399348478282588,0.663,0.532,2.37649325493086e-16
"Psmc6",1.72091558350961e-20,0.364518571751764,0.694,0.574,2.88132896147014e-16
"Cox17",1.85185800927333e-20,0.367923986198913,0.74,0.61,3.10056586492634e-16
"Sf3b6",1.96900282248216e-20,0.357541578158945,0.771,0.688,3.29670142568187e-16
"Lpcat2",2.03581824345494e-20,-0.331162542751413,0.6,0.781,3.4085704850166e-16
"Itga5",2.24000918350364e-20,0.327732553340625,0.483,0.307,3.75044737594014e-16
"Psmd6",2.50380745627919e-20,0.361131950717274,0.61,0.47,4.19212482404825e-16
"Hnrnpa3",2.70823075994016e-20,0.347208629663748,0.925,0.902,4.53439076136781e-16
"Timm13",2.74483157562916e-20,0.338551481943573,0.774,0.694,4.5956715070759e-16
"Susd3",2.84036165677443e-20,-0.295169662013908,0.19,0.366,4.75561752193743e-16
"Cadm1",2.85450769050321e-20,-0.386133651093136,0.103,0.258,4.77930222620952e-16
"Clec4a3",3.29271760627721e-20,-0.366196320415249,0.771,0.887,5.51299708818993e-16
"Fcgr4",3.51959672712965e-20,0.355979371846714,0.837,0.724,5.89286080023317e-16
"Myof",4.18445840431068e-20,0.43778819703077,0.751,0.642,7.00603870633737e-16
"Sptssa",4.25363985086484e-20,-0.333032539300636,0.491,0.658,7.121869202303e-16
"Gbp3",4.39496698192623e-20,0.455873580308825,0.583,0.438,7.35849321783908e-16
"Ndufab1",4.47021011725972e-20,0.337155012254683,0.746,0.652,7.48447279932795e-16
"Surf4",4.49394669486841e-20,0.412220317662108,0.715,0.59,7.52421495121818e-16
"Ifit3",4.70933135139671e-20,0.41950978516104,0.267,0.122,7.88483348164351e-16
"Sec23b",5.65058705597402e-20,0.336645256593184,0.432,0.26,9.46077790781731e-16
"Tor1aip1",6.01434989992928e-20,0.340602785739887,0.837,0.732,1.00698260374516e-15
"Gmfb",7.27232670423034e-20,0.33902050512589,0.603,0.44,1.21760566008929e-15
"Fmnl2",7.37429502760972e-20,0.371307680870152,0.441,0.274,1.2346782164727e-15
"Psmb9",7.60073460806159e-20,0.385667208687299,0.833,0.787,1.27259099542775e-15
"Jak2",7.98074638862821e-20,0.336964880963863,0.483,0.314,1.33621636784802e-15
"Cox6b1",8.66523629417468e-20,0.275925862206644,0.942,0.957,1.45082051273367e-15
"Dhx58",8.93593403847727e-20,0.283008010285694,0.38,0.215,1.49614343606225e-15
"Morf4l2",9.30522520276689e-20,0.408362028112379,0.694,0.554,1.55797385569926e-15
"Srp9",1.20197762067266e-19,0.33792437597335,0.849,0.788,2.01247113029224e-15
"Mrpl20",1.30520115610211e-19,0.355027467519604,0.683,0.572,2.18529829566176e-15
"Slc25a37",1.4076707296938e-19,0.351631046942038,0.343,0.186,2.35686310272633e-15
"Fam241a",1.57253504627453e-19,0.28264813420855,0.354,0.193,2.63289542797745e-15
"Cox5b",1.85063538951953e-19,0.339064059945903,0.878,0.881,3.09851883267256e-15
"Acp5",2.27484905176122e-19,-0.607289342905867,0.361,0.524,3.80877976736381e-15
"Gbp5",2.28964612234387e-19,0.564231600509044,0.339,0.195,3.83355450264034e-15
"Septin11",2.32418455815833e-19,0.278479931186359,0.257,0.117,3.89138220572449e-15
"Vdac2",2.42075608058268e-19,0.333009731591763,0.878,0.829,4.05307190571959e-15
"Lmo2",2.50771624239777e-19,-0.302670933354056,0.432,0.606,4.19866930464659e-15
"Tent5c",2.62852690922003e-19,0.530791497469181,0.659,0.516,4.4009426041071e-15
"Stx4a",2.63609317445353e-19,0.345407288420913,0.706,0.568,4.41361080198755e-15
"Atp2b4",2.69685070769516e-19,0.326519589711886,0.264,0.124,4.51533713989401e-15
"Ifi213",2.72383462538897e-19,0.307238786290203,0.376,0.211,4.56051631328875e-15
"Erap1",2.81739921741493e-19,0.332338722456401,0.468,0.305,4.71717150971781e-15
"Txnrd1",2.82988644669486e-19,0.398244992615556,0.692,0.53,4.7380788777012e-15
"Gnb1",2.94610327311955e-19,0.333798551932562,0.925,0.867,4.93266071018406e-15
"Kif5b",3.17390110613941e-19,0.323347440948939,0.81,0.726,5.31406262200922e-15
"Psma1",3.25402253108511e-19,0.35420394990998,0.806,0.728,5.44820992379579e-15
"Pdcd5",3.38704152741787e-19,0.359595885078131,0.753,0.632,5.67092362935575e-15
"Slc31a2",3.91671834150221e-19,0.333631874727862,0.568,0.395,6.55776151917716e-15
"Rala",4.15735245098485e-19,0.355753307997889,0.708,0.59,6.96065520868393e-15
"F13a1",4.31456566563857e-19,0.277279039091058,0.384,0.214,7.22387729397867e-15
"Rrbp1",4.49752396789224e-19,0.283354339448153,0.96,0.956,7.53020437944198e-15
"Elob",5.33594778492058e-19,0.320750188104262,0.888,0.906,8.93397737629253e-15
"Mpp1",6.64842290198718e-19,0.388063813316257,0.601,0.448,1.11314544647971e-14
"Abcc1",6.91127561067319e-19,0.286983513530069,0.341,0.184,1.15715487549501e-14
"Sgk1",7.43933332367871e-19,0.551966644358778,0.761,0.627,1.24556757838353e-14
"Degs1",7.66199962583527e-19,0.428391061512063,0.64,0.506,1.2828485973536e-14
"Eif2s2",8.21307173697878e-19,0.378534325337862,0.831,0.759,1.37511460092236e-14
"Actn4",8.46719581407565e-19,0.430945351341052,0.599,0.444,1.41766259515069e-14
"Rbpj",8.72750795302877e-19,0.461639877171524,0.779,0.701,1.46124665657561e-14
"Dram1",9.87381449805931e-19,0.392645211223778,0.4,0.245,1.65317276141007e-14
"Flna",1.01013242228991e-18,0.391526278090625,0.745,0.622,1.69126471464e-14
"Slc2a1",1.1120936416995e-18,0.307555978119406,0.387,0.225,1.86197838429747e-14
"Eif3j1",1.12158162097584e-18,0.383570260125968,0.61,0.47,1.87786410799984e-14
"Rpl22l1",1.12578575471242e-18,-0.323069389181356,0.699,0.82,1.88490308911501e-14
"Calm3",1.23533998159443e-18,0.374624179509287,0.819,0.754,2.06832973118355e-14
"Chmp4b",1.24862982383018e-18,0.349839053624859,0.843,0.808,2.09058091403887e-14
"Rgl1",1.27082433787241e-18,0.447396431359513,0.587,0.424,2.12774118889978e-14
"Lrrc59",1.89296076482249e-18,0.308863311716986,0.573,0.404,3.1693842085423e-14
"Ero1l",1.8934896618739e-18,0.271199939996859,0.363,0.202,3.17026974087547e-14
"Gorasp2",1.96150965175003e-18,0.339445549891082,0.499,0.34,3.28415560992508e-14
"Ifi27",2.23324402841398e-18,-0.329671922755132,0.385,0.562,3.73912047677352e-14
"Ndufb9",3.02368376810386e-18,0.313659866242542,0.846,0.827,5.06255373293629e-14
"Itga6",3.16500760776492e-18,-0.322925356388816,0.328,0.515,5.29917223768081e-14
"Tuba1c",3.54073212609342e-18,0.37186483898394,0.711,0.594,5.92824779871822e-14
"Aldh2",3.5411220469328e-18,-0.355219323278318,0.489,0.637,5.92890064317958e-14
"Uap1l1",3.82003906300643e-18,0.35559247723968,0.555,0.398,6.39589140319166e-14
"Adgre5",3.86336556568391e-18,-0.366051045089718,0.404,0.579,6.46843296662457e-14
"Zfp36l1",4.24257966552793e-18,-0.432067383823238,0.804,0.899,7.10335113399341e-14
"H2-T22",4.51934350408965e-18,0.344172039143772,0.694,0.564,7.56673682889731e-14
"Il10ra",4.59827623481661e-18,-0.299164683611375,0.536,0.685,7.69889389995346e-14
"Smim14",5.05048845529923e-18,-0.309352877798456,0.591,0.716,8.4560328207075e-14
"Ms4a6c",5.28097013579253e-18,0.281678564283687,0.956,0.961,8.84192829835743e-14
"Pafah1b1",5.86217656482557e-18,0.330111363796114,0.849,0.8,9.81504222248746e-14
"Rars",6.73451319953377e-18,0.284299252037603,0.462,0.3,1.12755954499794e-13
"Cxcl10",7.47515763397853e-18,0.952508662288229,0.438,0.289,1.25156564265702e-13
"Psmb7",7.51684985664863e-18,0.337845939126193,0.692,0.578,1.25854617149868e-13
"Nceh1",8.00142596488311e-18,0.4080645411686,0.607,0.453,1.33967874930038e-13
"Arhgdia",8.28884367427537e-18,0.25827635514937,0.94,0.912,1.38780109638393e-13
"Tmem59",8.30958547948312e-18,-0.293755012985769,0.756,0.853,1.39127389682986e-13
"Mob1a",8.61979525322489e-18,0.310456383728606,0.874,0.803,1.44321231924744e-13
"Plgrkt",1.07908674198906e-17,0.359898573824246,0.614,0.468,1.80671493211229e-13
"Nras",1.12541551904865e-17,0.351508105451787,0.675,0.545,1.88428320354316e-13
"Vegfa",1.19001270464274e-17,0.52069100537484,0.474,0.308,1.99243827138333e-13
"Mbd2",1.26038947197067e-17,0.349437224677454,0.672,0.556,2.1102700929205e-13
"Tmem119",1.45344056674573e-17,-0.32734220965019,0.202,0.366,2.43349554090237e-13
"Coro2a",1.53268035312327e-17,0.334687772213097,0.479,0.316,2.5661667152343e-13
"Ankrd44",1.55599101353351e-17,-0.289130950216895,0.391,0.556,2.60519575395915e-13
"Chd9",1.58281276941967e-17,-0.292594772548908,0.256,0.422,2.65010341983935e-13
"Ppp1r2",1.61175332820929e-17,0.314433843121738,0.621,0.476,2.69855859742081e-13
"Pip4k2a",1.61643218413079e-17,-0.280003213964091,0.522,0.68,2.70639240589018e-13
"Ube2l6",1.7013248284286e-17,0.275165118196212,0.351,0.198,2.848528160238e-13
"Rab5if",1.92071269610511e-17,0.324958181979133,0.755,0.672,3.21584926708879e-13
"Tuba4a",2.08306595933275e-17,0.28614191274231,0.379,0.219,3.48767733571082e-13
"Dhrs3",2.12786326289e-17,-0.331753570105834,0.515,0.677,3.56268146105673e-13
"Supt4a",2.29450419148629e-17,-0.293349726089017,0.562,0.711,3.84168836780549e-13
"Gng12",2.30781564348479e-17,0.345495860969512,0.599,0.448,3.86397573188659e-13
"Stat2",2.3268755940275e-17,0.329149869773678,0.413,0.252,3.89588780708024e-13
"Etf1",2.66455304676922e-17,0.358175291838855,0.771,0.672,4.46126116620571e-13
"Cd86",2.74975361894105e-17,-0.315089590694144,0.597,0.747,4.603912484193e-13
"Ang",3.58082454981654e-17,-0.352148678355528,0.276,0.426,5.99537454375784e-13
"2310022A10Rik",3.64100823811631e-17,0.305554947226623,0.344,0.201,6.09614009307814e-13
"Naa50",3.9052578698927e-17,0.348427770422847,0.658,0.508,6.53857325156136e-13
"Irf2bpl",3.91393884781648e-17,0.321333546539292,0.39,0.237,6.55310781289912e-13
"Hexb",4.06111110183092e-17,-0.356242460197784,0.913,0.971,6.79951831779551e-13
"Hnrnph2",4.40279209313664e-17,0.358622730123742,0.72,0.622,7.37159480153867e-13
"Ndufs6",5.01217034408657e-17,0.328966466163208,0.773,0.677,8.39187680710414e-13
"Selplg",5.26670531149425e-17,-0.328616636871497,0.624,0.736,8.81804470303483e-13
"Lpl",6.07801874296532e-17,1.22330998919966,0.574,0.436,1.01764267813468e-12
"Srsf3",6.27097380840025e-17,0.296780127953887,0.878,0.824,1.04994914474045e-12
"Dclre1c",6.45222395445725e-17,-0.338447902374808,0.281,0.445,1.08029585669478e-12
"Hnrnpd",7.1783138738851e-17,0.361818878803471,0.695,0.587,1.20186509190458e-12
"Ndufs5",7.21113133022435e-17,0.319907117369962,0.767,0.71,1.20735971861946e-12
"Cacybp",7.37933285453619e-17,0.336145455664611,0.657,0.524,1.23552169983499e-12
"Rab8b",7.46704483399714e-17,0.344653612107546,0.808,0.706,1.25020731655614e-12
"Cers6",7.61882515630635e-17,0.406746453567099,0.598,0.456,1.27561989592037e-12
"Dynlrb1",7.64074716809831e-17,0.308695433928681,0.774,0.697,1.2792902983547e-12
"Atp6ap1",7.65749116591674e-17,0.300965994447675,0.866,0.795,1.28209374590944e-12
"Lamp2",7.68873217250263e-17,0.268677561810291,0.97,0.958,1.28732442764211e-12
"Capn2",7.85528286661544e-17,0.354014991581596,0.462,0.313,1.31521001035742e-12
"Slco3a1",8.48058010844617e-17,0.315128225488507,0.428,0.274,1.41990352755714e-12
"Esyt1",9.09119517611875e-17,0.325976689438741,0.588,0.443,1.52213880833756e-12
"Frmd4b",9.11937355721029e-17,-0.294197382968836,0.484,0.648,1.52685671468372e-12
"Ndufa11",9.29347594284407e-17,0.354421211167663,0.732,0.65,1.55600667711038e-12
"Ssr3",1.00030539695021e-16,0.413514309708398,0.782,0.686,1.67481132611373e-12
"2900097C17Rik",1.03649663872489e-16,0.312274384642528,0.613,0.455,1.73540632221709e-12
"Grk3",1.15487675290199e-16,-0.265063891918908,0.206,0.36,1.9336101473838e-12
"Cd300a",1.24681626979453e-16,-0.277280609117652,0.501,0.656,2.08754448051698e-12
"Wnk1",1.40318435713558e-16,-0.332228424794843,0.897,0.953,2.34935156915209e-12
"Eif5a",1.4761555164924e-16,0.307405896462134,0.899,0.861,2.47152718126323e-12
"Eif1ax",1.55383506277205e-16,0.364612742073428,0.577,0.462,2.60158604559924e-12
"Copz1",1.58808469715955e-16,0.374925487065256,0.616,0.477,2.65893020845423e-12
"Tatdn2",2.05320126286401e-16,0.295462169976137,0.345,0.201,3.43767487441322e-12
"Psmc5",2.30681244299325e-16,0.323745312864758,0.648,0.517,3.8622960733036e-12
"Npc1",2.31942179437841e-16,0.384775786666281,0.628,0.496,3.88340791032777e-12
"Tnfrsf1b",2.55912052554383e-16,0.361840395579896,0.782,0.675,4.28473549591804e-12
"Vwa5a",2.69760106279586e-16,0.369091546426421,0.665,0.542,4.51659345943911e-12
"Hyou1",3.07231621976211e-16,0.321652976614814,0.407,0.256,5.1439790467477e-12
"Ecm1",3.31921978049347e-16,0.445864553842961,0.681,0.566,5.55736967848022e-12
"Lilr4b",3.66701377079448e-16,0.390711375903871,0.754,0.646,6.1396811564412e-12
"Sh3bp5",3.7566772757343e-16,0.406133093302366,0.334,0.19,6.28980476276194e-12
"Trim30d",3.93156304287997e-16,0.331062616542698,0.442,0.293,6.58261600269393e-12
"Hspd1",3.96624079386871e-16,0.359576311159769,0.715,0.6,6.64067696117437e-12
"Pcna",4.18667842793733e-16,0.351998309795276,0.73,0.622,7.00975569189547e-12
"Aldh3b1",4.20405578058536e-16,0.291290833967561,0.501,0.354,7.03885059343407e-12
"Arhgap45",4.66851454225475e-16,-0.279340489387871,0.321,0.473,7.81649389809713e-12
"Larp1",4.92908659919934e-16,0.353313181164724,0.614,0.481,8.25276969303946e-12
"Snx5",5.09815721551554e-16,-0.278915868549363,0.85,0.927,8.53584462593767e-12
"Atp6v0d1",5.22793437680786e-16,0.321983761079592,0.76,0.656,8.7531305270894e-12
"Ppig",5.50640598868633e-16,0.321600289061496,0.795,0.706,9.21937554685752e-12
"Dync1i2",5.94862977736964e-16,0.332184087505365,0.782,0.713,9.95979083624998e-12
"Ogfr",6.63585216929756e-16,0.314907920218239,0.532,0.376,1.11104072870549e-11
"Lpp",7.6518119657953e-16,0.340271614981021,0.603,0.46,1.28114287743311e-11
"Bnip3",7.70160512477123e-16,0.32557939144537,0.295,0.167,1.28947974604045e-11
"Fnip2",8.9996928882829e-16,0.386380158002574,0.37,0.237,1.50681858028521e-11
"Wdr1",1.04841259110711e-15,0.307443897092099,0.772,0.662,1.75535720129064e-11
"Man1a",1.14717258851912e-15,-0.320047272104764,0.461,0.606,1.92071106495757e-11
"Eif2ak2",1.18170010698765e-15,0.261969512671335,0.469,0.312,1.97852048912942e-11
"Cd302",1.18665030658014e-15,-0.269447988396146,0.582,0.743,1.98680860830713e-11
"Gch1",1.20561344750958e-15,0.305061472054618,0.465,0.312,2.01855859516529e-11
"Prune2",1.23027982610085e-15,-0.278432893857953,0.118,0.25,2.05985751284065e-11
"Csde1",1.26777528183977e-15,0.270287298636557,0.937,0.9,2.12263615438433e-11
"Cebpd",1.32902382708714e-15,-0.41944974032638,0.148,0.282,2.22518459369199e-11
"H2-T23",1.38801860919321e-15,0.321580148363386,0.88,0.909,2.3239595573722e-11
"Dusp5",1.59905482201498e-15,0.401152774718569,0.597,0.445,2.67729748849968e-11
"Ppp2r5a",1.61793760449757e-15,0.324789956278336,0.629,0.49,2.70891293121029e-11
"Oas1a",1.7246797033971e-15,0.285729802141096,0.382,0.244,2.88763122739776e-11
"Sar1a",1.81549854434749e-15,0.338047832723131,0.645,0.538,3.039689212801e-11
"Snx1",1.93261165737804e-15,0.345791119459948,0.55,0.406,3.23577169794806e-11
"Limd2",1.97061695537091e-15,-0.270993281237611,0.511,0.656,3.29940396837751e-11
"Wwp1",2.03004723835033e-15,-0.409128651125498,0.231,0.37,3.39890809116995e-11
"Macroh2a1",2.33941219183853e-15,0.30476574679278,0.769,0.604,3.91687783279524e-11
"Rnaset2a",2.44524768495446e-15,-0.287866548258342,0.165,0.302,4.09407819891926e-11
"Ddhd1",2.5966974368421e-15,0.361963930354622,0.438,0.296,4.34765051850473e-11
"Gmfg",2.78771845729312e-15,-0.27368221997788,0.72,0.85,4.66747701304587e-11
"Ralgds",2.97241370081939e-15,0.314899191827547,0.359,0.218,4.9767122592819e-11
"Hspa4",3.13508022869181e-15,0.300080523710692,0.732,0.614,5.2490648268987e-11
"Rnase4",3.28342837624779e-15,-0.392945152669858,0.492,0.631,5.49744413035167e-11
"Hmgn1",3.30878124343338e-15,-0.278502555812688,0.208,0.354,5.53989243588050e-11
"H2-Q7",3.34527138609903e-15,0.407970860384779,0.828,0.77,5.60098788174561e-11
"Pf4",3.39213236377534e-15,-0.625435722087281,0.478,0.624,5.67944721666905e-11
"Plaat3",3.57946173902262e-15,0.366841347172699,0.546,0.412,5.99309278964558e-11
"Frrs1",3.59476186274136e-15,0.349302523180951,0.476,0.327,6.01870978678786e-11
"Eif5",3.67979258360325e-15,0.280274403025754,0.884,0.799,6.16107672272693e-11
"Myl12b",3.71124912490633e-15,-0.304150638348488,0.526,0.647,6.21374440983067e-11
"Caprin1",3.72156787819067e-15,0.276951857001852,0.751,0.654,6.23102109845464e-11
"Eif2s1",4.0957471353526e-15,0.284537358255475,0.606,0.471,6.85750942872085e-11
"Pdcd6ip",4.23492643040773e-15,0.309986921814027,0.827,0.725,7.09053732243166e-11
"Dtnbp1",4.31141536998922e-15,0.288734681516658,0.513,0.364,7.21860275397295e-11
"Mkrn1",4.76394836260008e-15,0.279024166223583,0.713,0.611,7.97627874350131e-11
"Hnrnpk",5.33319799004377e-15,0.2739781299021,0.958,0.933,8.92937339473028e-11
"Ehd1",5.34577255281326e-15,0.329844283707128,0.7,0.58,8.95042698517524e-11
"Cd84",5.48397348703865e-15,0.36425339998723,0.762,0.671,9.18181680934882e-11
"Syncrip",5.51717610566741e-15,0.352512180291192,0.727,0.61,9.23740795371895e-11
"Tmcc1",6.51646572671747e-15,-0.327920985078053,0.249,0.396,1.09105185662431e-10
"Bzw1",6.52582352537979e-15,0.327070333700613,0.779,0.702,1.09261863285434e-10
"Rac2",6.89067326020427e-15,-0.359598954999879,0.661,0.755,1.153705423956e-10
"Jdp2",7.80538775769352e-15,-0.34353819725936,0.327,0.468,1.30685607227063e-10
"Arid5a",9.02765149028937e-15,-0.330027690689649,0.328,0.477,1.51149968901915e-10
"Prelid1",9.50702780382738e-15,0.29416010121854,0.754,0.682,1.59176166519482e-10
"Gk",9.62824012239818e-15,0.289704766762566,0.502,0.348,1.61205624369313e-10
"Kcnn4",1.11473246891686e-14,0.337018896969551,0.482,0.341,1.8663965727075e-10
"Lars2",1.11638168869142e-14,0.273377066662658,0.88,0.777,1.86915786137604e-10
"Marchf5",1.14416454484453e-14,0.300414039464657,0.554,0.414,1.9156746974332e-10
"Mrpl54",1.19352839339695e-14,0.288529536068124,0.666,0.552,1.99832458906451e-10
"Psmd7",1.37805274669966e-14,0.288690876490593,0.588,0.462,2.30727371379924e-10
"Ptpn6",1.43996946885763e-14,0.293283433409857,0.858,0.857,2.41094088170834e-10
"Actg1",1.69963961838529e-14,0.348624284474012,0.995,0.994,2.8457066130625e-10
"Atp6v1d",1.94613760336054e-14,0.305654814544129,0.689,0.564,3.25841818930654e-10
"Bag1",1.98968867327338e-14,0.314438168558141,0.777,0.699,3.33133574566162e-10
"Ier3",1.99527869358293e-14,0.381646505851092,0.864,0.771,3.3406951166659e-10
"Hnrnpf",2.04978710768262e-14,0.254442721441337,0.952,0.926,3.43195855439302e-10
"Arhgap10",2.09817869618186e-14,0.257716432038746,0.318,0.186,3.51298059101729e-10
"Mrpl52",2.32105132254837e-14,0.293848150679334,0.853,0.839,3.88613622934273e-10
"Plaur",2.40364408206911e-14,0.388782413211109,0.727,0.574,4.02442128660831e-10
"Spcs1",2.43138953591128e-14,0.280625819369468,0.781,0.738,4.07087549997626e-10
"Gm2000",2.45472660259101e-14,-0.250131208628442,0.41,0.555,4.10994875071813e-10
"Scpep1",2.6368151011921e-14,0.302238537871692,0.743,0.63,4.41481952392593e-10
"Tmbim4",3.0209127812838e-14,0.313490844331023,0.739,0.673,5.05791426970346e-10
"Znhit1",3.10362362967889e-14,0.321078632291235,0.598,0.484,5.19639704317137e-10
"Mgst1",3.53592596359652e-14,0.440136690397152,0.405,0.277,5.92020084084965e-10
"Tmem106a",3.54047265421948e-14,0.275735838478022,0.769,0.663,5.92781336495968e-10
"Washc5",3.81031111096019e-14,0.252952715231088,0.347,0.213,6.37960389308065e-10
"Ptges3",4.09388756883822e-14,0.30293340133859,0.788,0.693,6.85439595650583e-10
"Tsc22d3",4.18451704677167e-14,-0.495899373385403,0.441,0.569,7.00613689140981e-10
"Rpl10-ps3",4.62287373521621e-14,-0.251056675699454,0.297,0.434,7.74007749487249e-10
"Nop53",4.83336137817458e-14,-0.25307456207958,0.606,0.72,8.09249695547769e-10
"P2ry6",5.06086309871747e-14,-0.298523936543059,0.51,0.641,8.47340308618266e-10
"Arl8b",5.07834181634064e-14,0.335828516937413,0.626,0.5,8.50266770309913e-10
"Chp1",5.32509339472191e-14,0.321631141004162,0.519,0.376,8.9158038707829e-10
"Atp5j",5.9317137432393e-14,0.261723459668542,0.892,0.873,9.93146832030556e-10
"Sh3bgrl",6.0084086207288e-14,0.341790160255663,0.879,0.811,1.00598785536862e-09
"Dst",6.09547200486384e-14,-0.296176937417142,0.306,0.452,1.02056487777435e-09
"Mpeg1",6.63245057275911e-14,0.261850868666881,0.972,0.953,1.11047119939706e-09
"Sqstm1",7.19639156100789e-14,0.428919890446375,0.815,0.768,1.20489183905955e-09
"Rtn3",7.64516557767638e-14,0.307787910668527,0.753,0.665,1.28003007267036e-09
"C3ar1",7.7640764734275e-14,0.300017954571453,0.904,0.919,1.29993932394597e-09
"Camk1d",7.87762236802393e-14,-0.257616329562295,0.418,0.569,1.31895031307825e-09
"Glrx2",8.66370785759598e-14,0.267236068900518,0.5,0.361,1.45056460659730e-09
"Adora2b",8.76599395734572e-14,0.262177423944431,0.287,0.162,1.46769036827839e-09
"Atp5a1",9.19174753126195e-14,0.27488811424969,0.907,0.881,1.53897428915919e-09
"Cd53",1.00219937066694e-13,0.304733882754556,0.95,0.951,1.67798240630766e-09
"Bcl2l1",1.04823045881006e-13,0.340769111336443,0.466,0.331,1.75505225718568e-09
"AI504432",1.07033996470963e-13,0.268684895441369,0.699,0.522,1.79207020291333e-09
"Gsap",1.08132535455455e-13,0.286039352637892,0.465,0.319,1.81046304113068e-09
"Ppp2r1a",1.10009451305209e-13,0.266021168757146,0.567,0.431,1.84188824320312e-09
"Cyb5a",1.24164080576595e-13,-0.265610350175684,0.47,0.603,2.07887920109392e-09
"Ppp1r15b",1.34197323502411e-13,0.323434190575813,0.564,0.437,2.24686578740087e-09
"Cct3",1.39567516523287e-13,0.32117326315839,0.671,0.583,2.3367789291494e-09
"Ccdc12",1.43609173235452e-13,-0.262247369867362,0.654,0.761,2.40444838748117e-09
"Scd2",1.50184631566799e-13,0.323941446054701,0.335,0.205,2.51454128632292e-09
"Phf11d",1.55913062703784e-13,0.285845005683042,0.356,0.224,2.61045240884945e-09
"Ywhag",1.58909783122278e-13,0.306334234816989,0.689,0.576,2.6606264988163e-09
"Lims1",1.59940941421955e-13,0.3447505492846,0.673,0.567,2.67789118222779e-09
"Ebna1bp2",1.68786182031126e-13,0.288528004536359,0.466,0.337,2.82598704574714e-09
"Gpd2",1.70956223512215e-13,0.26376888327277,0.36,0.222,2.86232005026502e-09
"Klf4",2.01216517397078e-13,0.28387571088259,0.95,0.894,3.36896815077927e-09
"Saa3",2.09249635343404e-13,1.17435347797494,0.272,0.152,3.50346664455462e-09
"Baz1a",2.11050007105982e-13,0.331191786138234,0.677,0.556,3.53361026897546e-09
"Plek",2.18645924132743e-13,0.286284507295659,0.975,0.945,3.66078870775452e-09
"Llph",2.59397082609079e-13,0.327997092249707,0.691,0.603,4.34308535412382e-09
"Ap1s2",2.72322116018177e-13,-0.296608260705735,0.461,0.58,4.55948918849234e-09
"Gm34084",2.87336224885347e-13,-0.411930081732164,0.244,0.37,4.81087041325536e-09
"Arf5",2.9013337068305e-13,0.279127941129681,0.94,0.92,4.85770302534631e-09
"Timm23",3.29088018244606e-13,0.270568228290033,0.662,0.56,5.50992068946943e-09
"Xdh",3.49334709767405e-13,0.280556169630407,0.625,0.489,5.84891104563566e-09
"Rap2b",3.50970008728655e-13,0.298954446672982,0.595,0.458,5.87629085614387e-09
"Arhgap24",3.9214993211547e-13,0.251321331036724,0.263,0.145,6.56576631340931e-09
"Nmi",3.94440396160294e-13,0.271105506875741,0.486,0.355,6.6041155529118e-09
"Tnfaip8l2",4.7588406453577e-13,-0.281438609620027,0.334,0.459,7.9677268925224e-09
"Dbnl",5.32336452081112e-13,0.291346978599824,0.565,0.435,8.91290921719406e-09
"Ak2",5.40344802964262e-13,0.252761804617454,0.695,0.578,9.04699303603065e-09
"Gtf2h5",5.47036600166472e-13,0.315147241920037,0.667,0.58,9.15903379658725e-09
"Zc3h7a",5.56095042412157e-13,0.312902633557099,0.519,0.392,9.31069929510675e-09
"Rapgef2",5.87407066471369e-13,0.418390437555698,0.554,0.438,9.83495651393014e-09
"Snx3",5.92361004472202e-13,0.255512583804523,0.868,0.831,9.91790029787808e-09
"Tut4",5.95014261213919e-13,-0.287647636425903,0.328,0.464,9.96232377550465e-09
"Fyb",5.9531140074196e-13,-0.315397053906089,0.882,0.939,9.96729878262264e-09
"Ivns1abp",6.20713294760346e-13,-0.260638137209366,0.37,0.51,1.03926026941725e-08
"Tardbp",6.35884260214633e-13,0.334455356560986,0.645,0.526,1.06466101687736e-08
"Hmgb1",6.88552503536163e-13,-0.268867187425954,0.801,0.88,1.1528434566706e-08
"Crip1",7.57750882355451e-13,0.779267013678709,0.887,0.844,1.26870230232773e-08
"Fpr2",8.70829256079594e-13,0.325462266882186,0.285,0.167,1.45802942345406e-08
"Tagln2",9.12284510215355e-13,0.332057799544028,0.875,0.841,1.52743795545357e-08
"Mapk6",9.7541003508628e-13,0.324745643304321,0.532,0.401,1.63312902174496e-08
"Xbp1",9.92360437916065e-13,0.322743317094041,0.716,0.613,1.66150908120287e-08
"Trafd1",1.08964825858251e-12,0.312577037675718,0.665,0.575,1.8243980793447e-08
"Mbnl1",1.12568377326302e-12,-0.255324626536911,0.877,0.936,1.88473234157427e-08
"Ubqln1",1.18940191725697e-12,0.250780076032813,0.507,0.369,1.99141563006335e-08
"Mafg",1.20486537171813e-12,0.31280083944655,0.558,0.434,2.01730609186766e-08
"AC149090.1",1.23191396382851e-12,-0.298316362394807,0.281,0.417,2.06259354963807e-08
"Vapa",1.26058489223177e-12,0.275800584632142,0.788,0.73,2.11059728506365e-08
"Mvp",1.26666584019157e-12,0.290466397778792,0.645,0.526,2.12077861623275e-08
"Acp2",1.34129796661011e-12,0.285041749496631,0.731,0.621,2.2457351854953e-08
"Tmem167",1.34981404569357e-12,0.280308976705273,0.692,0.611,2.25999365670475e-08
"Galnt7",1.36753393532132e-12,0.294983006758681,0.599,0.457,2.28966206790848e-08
"Gsr",1.37289370607853e-12,0.298248006890488,0.303,0.183,2.29863593208728e-08
"Ccl12",1.39070756727189e-12,0.583690015919212,0.656,0.544,2.32846167988332e-08
"P2ry10b",1.48637058684766e-12,0.288463405980604,0.292,0.171,2.48863027355903e-08
"Mbnl2",1.50808043289925e-12,0.319839111731423,0.831,0.759,2.52497906880321e-08
"Romo1",1.51183712514378e-12,0.284666746193443,0.746,0.67,2.53126889862823e-08
"Tnpo1",1.5593565480635e-12,0.323509558772247,0.571,0.445,2.61083066842271e-08
"Txndc17",1.68595831422764e-12,0.281388593115246,0.795,0.762,2.82280000551134e-08
"Psmd4",1.76165750496376e-12,0.333828346140804,0.694,0.619,2.94954316056083e-08
"Snf8",1.86210017444514e-12,0.290537437166025,0.64,0.544,3.1177143220735e-08
"Srsf1",2.05687994981582e-12,0.290274501085251,0.49,0.362,3.44383409997663e-08
"Slamf7",2.08345312336879e-12,0.339370976574535,0.79,0.754,3.48832556445637e-08
"Cyth1",2.20056833079142e-12,0.309191035961863,0.55,0.424,3.68441155624408e-08
"Sin3b",2.20221104221569e-12,0.283392925383548,0.706,0.641,3.68716194798174e-08
"Ddx17",2.20759630493822e-12,0.2874135252266,0.773,0.681,3.69617849335807e-08
"Plaa",2.40400930900402e-12,0.273813942697586,0.437,0.312,4.02503278606544e-08
"Tlr2",2.6112612554864e-12,0.398912127980781,0.823,0.787,4.37203472006087e-08
"Kmt5a",2.62556625794402e-12,0.312492729131346,0.418,0.298,4.39598558567567e-08
"Tram1",2.66745851236657e-12,0.314065085671358,0.721,0.632,4.46612578725534e-08
"Lacc1",2.7074268199051e-12,-0.272839703236445,0.555,0.692,4.53304472456711e-08
"Rab11fip1",2.8091583873747e-12,0.284579288174235,0.424,0.293,4.70337388798146e-08
"Glipr1",2.83439329928982e-12,-0.374512826612588,0.51,0.638,4.74562470100094e-08
"Hsd17b12",3.18073972222957e-12,0.28924092841026,0.608,0.494,5.32551251692897e-08
"Ube2n",3.44620587154007e-12,0.256526822404732,0.743,0.674,5.76998249071954e-08
"S100a8",3.46241529235291e-12,0.33420083667094,0.264,0.153,5.79712192398647e-08
"Prpf40a",3.55413486290481e-12,0.259128162158841,0.756,0.66,5.95068800096152e-08
"Sec61b",3.61836218231152e-12,0.270584549048913,0.872,0.862,6.05822380184417e-08
"Sec61g",3.67268682119641e-12,0.281532902426858,0.88,0.885,6.14917954472914e-08
"Ufm1",3.97090432419812e-12,0.275430258915071,0.559,0.445,6.64848511000491e-08
"Rhbdf2",4.40234904811243e-12,0.259349786955397,0.359,0.233,7.37085301125464e-08
"Hilpda",4.4707185581089e-12,0.492154813479265,0.396,0.278,7.48532408184173e-08
"Snrnp27",4.51402188733816e-12,0.294657133985302,0.555,0.445,7.55782684597028e-08
"Anxa7",5.14460173701785e-12,0.258368111418668,0.458,0.325,8.61360668828898e-08
"Papola",6.06752263092279e-12,0.272986899378982,0.73,0.643,1.0158853140954e-07
"Rbm47",6.14531118118665e-12,0.261747063246966,0.566,0.428,1.02890945106608e-07
"Polr2k",6.33137159203405e-12,0.286261989006786,0.659,0.567,1.06006154565426e-07
"Mrps18c",6.55130979111523e-12,0.257697619738952,0.644,0.55,1.09688579832642e-07
"Alkbh5",6.93896697762401e-12,0.280605321133911,0.479,0.36,1.16179124106359e-07
"Tor1aip2",7.08812383852687e-12,0.257273986171979,0.435,0.308,1.18676457428455e-07
"Magt1",7.36165774647391e-12,0.280335043754453,0.644,0.537,1.23256235649213e-07
"Eloc",7.51798233557587e-12,0.268985601352135,0.744,0.685,1.25873578244547e-07
"Akap13",8.05558733018219e-12,-0.255423555913747,0.739,0.824,1.3487469866924e-07
"Alyref",8.09170145806348e-12,0.283858231381032,0.56,0.435,1.35479357512357e-07
"Ier5",8.38603004832498e-12,-0.45432771627351,0.79,0.869,1.40407301099105e-07
"Ly9",9.10018431329919e-12,0.270635593244046,0.508,0.378,1.52364385957568e-07
"Tcf4",9.27699663731332e-12,-0.275558401725025,0.65,0.746,1.55324754698537e-07
"Pycard",9.3770872267611e-12,0.2798244796004,0.819,0.783,1.57000571437661e-07
"Bola2",9.71627944507627e-12,0.297131863358151,0.738,0.676,1.62679666748912e-07
"Bri3",1.04297427609765e-11,0.256598153782432,0.918,0.899,1.7462518304703e-07
"Brd2",1.1417162131429e-11,0.27432222266633,0.764,0.694,1.91157545566515e-07
"Rexo2",1.17073701377571e-11,0.276852419926523,0.647,0.551,1.96016498216468e-07
"Il2rg",1.17529347528443e-11,0.27582954343674,0.702,0.598,1.96779386566873e-07
"Mxd1",1.20001764857006e-11,0.355874786314281,0.58,0.456,2.00918954900086e-07
"Tcf7l2",1.30704913082085e-11,0.277227598157304,0.509,0.375,2.18839235973334e-07
"Slc16a10",1.40400759243405e-11,0.273016425457344,0.426,0.3,2.35072991201233e-07
"Pgd",1.4195266438356e-11,0.327374640071045,0.667,0.576,2.37671345977395e-07
"Arid5b",1.42729513423324e-11,0.294960257318715,0.623,0.506,2.38972024324672e-07
"Adam17",1.59645702197212e-11,0.27600797992358,0.777,0.696,2.67294799188793e-07
"Dok3",1.59963615104167e-11,-0.256932097049491,0.341,0.459,2.67827080768907e-07
"Atp6v1h",1.60026207465249e-11,0.306554760983195,0.538,0.424,2.67931879159066e-07
"Filip1l",1.61632013325204e-11,-0.2781865129276,0.4,0.513,2.70620479910389e-07
"Pla2g4a",1.6434564978829e-11,0.272307263049435,0.452,0.328,2.75163921440534e-07
"Trem1",1.69212982862836e-11,0.287714865242452,0.33,0.21,2.83313297207247e-07
"Ppp4r2",1.86553192180898e-11,0.28871816471504,0.599,0.47,3.12346009668477e-07
"Tcirg1",1.87883476568015e-11,0.274915378251972,0.79,0.717,3.14573304817827e-07
"Ifi27l2a",2.4300496054574e-11,0.433267235029157,0.928,0.913,4.06863205441733e-07
"Arf6",2.58217827945224e-11,0.261527385935953,0.6,0.486,4.32334109328689e-07
"Gpr35",2.81975741789165e-11,0.261642166979566,0.604,0.46,4.72111984477598e-07
"Slc9a3r1",2.82749049455579e-11,0.304814961233995,0.522,0.404,4.73406733503475e-07
"Amdhd2",3.15700056888366e-11,0.267224236250958,0.507,0.386,5.2857660524819e-07
"Zmynd15",3.24109155242238e-11,-0.330752609882993,0.318,0.443,5.4265595862208e-07
"Marchf7",3.44508490699012e-11,0.254129003076104,0.654,0.508,5.76810565977356e-07
"Csf2rb2",3.47248061122318e-11,0.275398664409582,0.418,0.296,5.81397428737098e-07
"Srgn",3.50251531062656e-11,0.397674407936845,0.978,0.971,5.86426138458204e-07
"Kdm6b",3.50693859773153e-11,-0.303936578773474,0.759,0.841,5.8716672941819e-07
"Ncf1",3.79377648319518e-11,0.299086257511076,0.786,0.728,6.35191996581369e-07
"Ndufa1",3.80407073766508e-11,0.253307233335499,0.77,0.713,6.36915563607264e-07
"Ifih1",3.84250404833996e-11,0.293929233073037,0.481,0.356,6.43350452813559e-07
"Mitf",3.92683614015656e-11,0.2992143563294,0.465,0.34,6.57470174946412e-07
"Csnk1a1",4.38810432032035e-11,0.259459842973617,0.858,0.797,7.34700306351236e-07
"Furin",4.73710663161512e-11,0.317362508583983,0.67,0.582,7.93133763331319e-07
"Zbtb20",5.08548034784586e-11,-0.284548803950184,0.192,0.312,8.51461974639832e-07
"Syngr1",5.22897249739897e-11,0.264568061024138,0.277,0.167,8.75486865239509e-07
"Slc28a2",5.25079935208735e-11,0.296632833969022,0.317,0.208,8.79141335519984e-07
"Tes",5.68680098873937e-11,0.30575425508495,0.321,0.21,9.52141089544633e-07
"Snrpd1",5.76409823579003e-11,0.260943287010269,0.671,0.58,9.65082967618325e-07
"Vps35",5.85233034984891e-11,0.292741574169633,0.699,0.606,9.79855670475203e-07
"Parp14",6.21104018270505e-11,0.386353186606025,0.599,0.509,1.03991445779031e-06
"Psmd12",6.26663217516369e-11,0.258763040195995,0.559,0.451,1.04922222508766e-06
"Eea1",7.09764672581591e-11,0.285388051505074,0.536,0.418,1.18835899130336e-06
"Lmo4",7.32752192421127e-11,0.448374863931476,0.636,0.546,1.22684699577069e-06
"Fgr",7.39453432055879e-11,0.301531767965343,0.547,0.428,1.23806688129116e-06
"Ubash3b",8.13447667356377e-11,0.295354771285641,0.544,0.432,1.36195542945478e-06
"Gnai3",8.28045999954445e-11,0.286437917094614,0.489,0.374,1.38639741772373e-06
"Azi2",8.54172403455291e-11,0.278091261821493,0.479,0.364,1.43014085510519e-06
"AW112010",1.05661988197497e-10,0.440171674000361,0.856,0.711,1.7690986683907e-06
"Tapbpl",1.1370535168068e-10,0.251053504131234,0.349,0.235,1.90376870318963e-06
"BC028528",1.19913206120632e-10,-0.281426311397079,0.432,0.54,2.00770681007774e-06
"Tor3a",1.32503625376712e-10,0.281921530031572,0.462,0.35,2.21850819968229e-06
"Mdh2",1.35618247071614e-10,0.276706322677958,0.69,0.628,2.27065631072003e-06
"Zfp703",1.35980501903316e-10,0.258960113735417,0.749,0.61,2.27672154336722e-06
"Spcs3",1.53198029668932e-10,0.292754520972108,0.518,0.408,2.56499461074693e-06
"Hsph1",1.5615001318506e-10,0.286812490838814,0.409,0.291,2.61441967075746e-06
"Rab21",1.56506905680797e-10,0.250993002121711,0.677,0.577,2.62039512181359e-06
"Nr4a2",1.59597431436092e-10,0.289819243611604,0.682,0.544,2.67213979453449e-06
"Erp44",1.93371309246632e-10,0.269865615014108,0.603,0.515,3.23761583071635e-06
"Abce1",2.0695263999494e-10,0.261055260472331,0.392,0.282,3.46500805143528e-06
"Rpn2",2.17685733807898e-10,0.271848598292193,0.723,0.661,3.64471224114564e-06
"Metap2",2.36724402604279e-10,0.270210540908387,0.746,0.658,3.96347667280344e-06
"Atp5g1",2.47238042145681e-10,0.269084288186791,0.795,0.799,4.13950653964514e-06
"Rock1",2.67037815128947e-10,0.256738166230259,0.828,0.74,4.47101413870395e-06
"Pi4k2a",2.71223044420415e-10,0.280656824433343,0.456,0.335,4.541087432731e-06
"Trip12",2.81306901312218e-10,0.273274686152757,0.695,0.584,4.70992144867047e-06
"Samd8",2.98206848317165e-10,0.28276616585902,0.437,0.321,4.99287726137429e-06
"P4ha1",3.33802603607408e-10,0.253954156272609,0.566,0.452,5.58885699219884e-06
"Ifi203",3.3431668506747e-10,0.372974684787738,0.678,0.596,5.59746425808464e-06
"Spop",3.45907138137268e-10,0.259550585773076,0.713,0.637,5.79152321383228e-06
"Dok2",3.73676756426518e-10,0.269291637332003,0.352,0.237,6.2564699328492e-06
"Slc15a3",4.02348638584491e-10,0.25022766729589,0.886,0.837,6.73652325582013e-06
"Dusp6",4.06661911023897e-10,-0.329110444511574,0.219,0.332,6.8087403762731e-06
"Psmc2",4.34964199079801e-10,0.25593968101088,0.539,0.438,7.28260558519311e-06
"Fubp1",4.40743844896709e-10,0.267617725692462,0.691,0.599,7.3793741951056e-06
"Creg1",4.72758847285844e-10,0.335297497168927,0.827,0.84,7.91540138010688e-06
"Slc30a1",4.95493086428047e-10,0.334947243165335,0.457,0.344,8.2960407460648e-06
"Lap3",5.0491595831706e-10,0.264133552627994,0.549,0.447,8.45380789010253e-06
"Rnpep",5.97477460007989e-10,0.259054219152988,0.698,0.62,1.00035651129138e-05
"Sypl",6.07524752236346e-10,0.25719075715773,0.641,0.537,1.01717869266931e-05
"Bcl2l11",6.76610681431429e-10,0.312085737451482,0.718,0.616,1.13284926392064e-05
"Ldlrap1",7.27120090226087e-10,0.263504475928012,0.464,0.35,1.21741716706554e-05
"Mcfd2",9.94761130096007e-10,0.331341542827226,0.535,0.432,1.66552856011974e-05
"Runx1",1.79919888321532e-09,-0.287578143231096,0.727,0.79,3.01239869016742e-05
"Srsf2",2.22276251133755e-09,0.291618054639622,0.792,0.72,3.72157127273246e-05
"Chd7",2.22532121527405e-09,0.308308332245834,0.719,0.616,3.72585531073335e-05
"Cdv3",2.22795139952198e-09,0.265595493164576,0.62,0.521,3.73025902821965e-05
"Zranb2",2.30154096148114e-09,0.279629400824102,0.54,0.437,3.85347003180787e-05
"Sestd1",2.39736703273759e-09,0.258657121195219,0.303,0.203,4.01391162291254e-05
"Tob1",2.53610072482118e-09,0.277114802482206,0.4,0.292,4.24619344356809e-05
"Cybb",2.74424257535557e-09,0.265958518348773,0.968,0.991,4.59468534391783e-05
"Card19",2.75175930423253e-09,0.3295233453746,0.626,0.544,4.60727060307652e-05
"Smarca5",2.76111647861458e-09,0.262811273135926,0.753,0.697,4.62293732014439e-05
"Msl2",2.88458409373222e-09,0.280226915353307,0.514,0.406,4.82965914813585e-05
"N4bp1",3.2773169361439e-09,0.301342131734383,0.732,0.642,5.48721174618574e-05
"Phf11b",3.4232737486858e-09,0.318484710653447,0.532,0.438,5.73158723742463e-05
"Cisd2",3.94753971349373e-09,0.256002595873467,0.614,0.518,6.60936574230256e-05
"Pmepa1",3.96486954353095e-09,-0.440482600865534,0.394,0.503,6.63838107673388e-05
"Cers2",4.2241590920372e-09,0.274775078078946,0.647,0.581,7.07250956779789e-05
"Ubxn4",4.33497897232645e-09,0.259969530417911,0.664,0.582,7.25805529336618e-05
"Ppp3r1",4.543439044087e-09,0.295235272678618,0.483,0.372,7.60707999151487e-05
"Hivep3",5.03000093570947e-09,0.347271017423942,0.481,0.382,8.42173056665837e-05
"Lmna",5.70260200472038e-09,0.294112560538159,0.761,0.7,9.54786653650333e-05
"Ggh",5.85087354790423e-09,0.272564139967333,0.69,0.625,9.79611758125606e-05
"Lmnb1",5.93705891150952e-09,0.27571632714776,0.522,0.41,9.94041773554039e-05
"Birc3",6.54286456905499e-09,-0.313569024367448,0.487,0.585,0.000109547181479688
"Ist1",6.64487999324862e-09,0.258764772494803,0.665,0.573,0.000111255225726962
"Sarnp",8.58927293662277e-09,0.269804234079079,0.673,0.622,0.000143810196777875
"Klf2",9.40717167785773e-09,-1.06762993020525,0.584,0.633,0.000157504275402372
"Ascc3",1.16080864962437e-08,0.265418253710302,0.507,0.406,0.000194354192206608
"Gsn",1.21668568807307e-08,0.263243964578847,0.825,0.783,0.000203709684754074
"Etv3",1.57633775224646e-08,-0.257167193448063,0.425,0.524,0.000263926229858625
"Mapre1",2.0901437006284e-08,0.256370577700069,0.753,0.684,0.000349952759796213
"Csrnp1",2.22783655393956e-08,0.251001407567404,0.696,0.612,0.0003730066742261
"Ap3s1",2.27149451759577e-08,0.277587287437446,0.55,0.476,0.00038031632708106
"Nab1",2.53008047993411e-08,0.253512350496538,0.54,0.445,0.000423611374755369
"Nol7",3.19813788664215e-08,0.257843757026024,0.659,0.594,0.000535464226360495
"Gpr137b",3.33036690453992e-08,0.27244865130353,0.462,0.364,0.000557603330827119
"Dot1l",3.57178899779064e-08,0.260677579091754,0.573,0.472,0.000598024631900086
"Ostc",3.6916467321434e-08,0.271599383016543,0.672,0.605,0.000618092412362769
"Ybx3",4.27084571351277e-08,0.268192097914322,0.493,0.406,0.000715067697813444
"Ptger4",4.38961027310833e-08,-0.27223226045888,0.296,0.404,0.000734952448026528
"mt-Nd3",5.39948855283906e-08,-0.39810467444886,0.818,0.858,0.000904036368401844
"Ccl5",7.16329174086271e-08,0.680678973597531,0.609,0.492,0.00119934993617264
"Dusp2",1.1357184514127e-07,-0.265428942347312,0.394,0.488,0.00190153340320028
"Mindy1",1.81440930343167e-07,0.282262551582395,0.321,0.232,0.00303786549673564
"Fbxl5",1.90299072983594e-07,0.370306474677025,0.473,0.398,0.00318617737896432
"Gadd45g",1.94597839853305e-07,-0.272510897761622,0.249,0.344,0.00325815163266388
"Acsl4",2.19308139625797e-07,0.270545100440834,0.495,0.402,0.00367187618175472
"Mndal",3.60195133721172e-07,0.297974274816076,0.722,0.677,0.00603074712389359
"H2-Q6",6.32095998010854e-07,0.264813265929734,0.44,0.358,0.0105831832946957
"Tpm4",6.41512087086489e-07,0.254890017308112,0.713,0.652,0.0107408368740891
"Dab2",7.82644170613308e-07,-0.337263953380431,0.71,0.783,0.0131038113485786
"Anxa1",7.84192878240291e-07,0.455675879250551,0.527,0.474,0.0131297413603772
"Gpx1",8.33240720879993e-07,0.280780245717872,0.986,0.987,0.0139509493896937
"Resf1",8.99371146831532e-07,0.309884913986282,0.654,0.608,0.0150581711114003
"Sbno2",1.08257068101782e-06,-0.305795304361071,0.584,0.651,0.0181254809122813
"Cd68",1.23521996140176e-06,0.251394738538885,0.863,0.901,0.0206812878137496
"Ccl3",1.34966166221278e-06,-1.05705480094997,0.292,0.37,0.0225973852104286
"Cflar",1.37950195657779e-06,0.287110133259245,0.683,0.628,0.023097001258982
"Calhm6",1.90243861663658e-06,0.501592114748618,0.55,0.516,0.0318525297583462
"Eps8",2.28507696518325e-06,0.31293979705279,0.44,0.366,0.0382590436280631
"Ccl6",2.36344065227716e-06,1.19197403955044,0.661,0.649,0.0395710868410764
"Ubc",6.97047824594874e-06,-0.378151567268529,0.982,0.991,0.11670671727192
"Ugcg",8.18073525848214e-06,0.2779114496313,0.563,0.494,0.136970050432766
"Dnajc3",2.05566158247192e-05,0.292858103416122,0.705,0.663,0.344179418753273
"Ccl8",2.05787932541207e-05,0.268398909956248,0.542,0.463,0.344550735453743
"Nlrp3",3.15135207862058e-05,0.274633447811501,0.678,0.622,0.527630878523443
"Gatm",4.32072238283805e-05,0.61282756762603,0.762,0.803,0.723418548558576
"Junb",4.62579132810117e-05,-0.274809436861111,0.993,0.991,0.774496242063978
"Txnip",0.000123501628953493,-0.286416498291144,0.294,0.357,1
"Ccl9",0.000183291684147036,0.746617182660748,0.581,0.564,1
"Cd14",0.000221750221279941,-0.326756152855815,0.957,0.957,1
"Klf6",0.000413091687328849,-0.456890629033534,0.91,0.919,1
"Tnip3",0.000706942783757315,-0.382734117575837,0.387,0.303,1
"Cd63",0.000772199612096442,0.34934920568989,0.743,0.73,1
"Rgs1",0.00103973506155273,-0.40630336170312,0.829,0.807,1
"Lsp1",0.00141819728482848,-0.281687468607491,0.481,0.514,1
"Tppp3",0.00191309190228726,0.360381742340555,0.317,0.261,1
"Clec4n",0.00406440513887369,0.455408641035334,0.412,0.378,1
"Stab1",0.087723955703841,-0.280687866370706,0.631,0.622,1
"Cxcl2",0.476612870933786,-0.658347593188648,0.613,0.582,1
